name,symbol,market
삼성전자,005930.KS,KOSPI
SK하이닉스,000660.KS,KOSPI
현대차,005380.KS,KOSPI
삼성전자우,005935.KS,KOSPI
LG에너지솔루션,373220.KS,KOSPI
삼성바이오로직스,207940.KS,KOSPI
SK스퀘어,402340.KS,KOSPI
한화에어로스페이스,012450.KS,KOSPI
기아,000270.KS,KOSPI
두산에너빌리티,034020.KS,KOSPI
HD현대중공업,329180.KS,KOSPI
KB금융,105560.KS,KOSPI
셀트리온,068270.KS,KOSPI
삼성물산,028260.KS,KOSPI
신한지주,055550.KS,KOSPI
한화오션,042660.KS,KOSPI
NAVER,035420.KS,KOSPI
한국전력,015760.KS,KOSPI
현대모비스,012330.KS,KOSPI
삼성생명,032830.KS,KOSPI
고려아연,010130.KS,KOSPI
하나금융지주,086790.KS,KOSPI
HD현대일렉트릭,267260.KS,KOSPI
삼성SDI,006400.KS,KOSPI
POSCO홀딩스,005490.KS,KOSPI
HD한국조선해양,009540.KS,KOSPI
미래에셋증권,006800.KS,KOSPI
카카오,035720.KS,KOSPI
삼성중공업,010140.KS,KOSPI
삼성화재,000810.KS,KOSPI
우리금융지주,316140.KS,KOSPI
SK,034730.KS,KOSPI
현대로템,064350.KS,KOSPI
메리츠금융지주,138040.KS,KOSPI
LG화학,051910.KS,KOSPI
삼성전기,009150.KS,KOSPI
효성중공업,298040.KS,KOSPI
한화시스템,272210.KS,KOSPI
포스코퓨처엠,003670.KS,KOSPI
KT&G,033780.KS,KOSPI
HMM,011200.KS,KOSPI
HD현대,267250.KS,KOSPI
한미반도체,042700.KS,KOSPI
기업은행,024110.KS,KOSPI
SK이노베이션,096770.KS,KOSPI
현대글로비스,086280.KS,KOSPI
LS ELECTRIC,010120.KS,KOSPI
LG전자,066570.KS,KOSPI
한국항공우주,047810.KS,KOSPI
하이브,352820.KS,KOSPI
SK텔레콤,017670.KS,KOSPI
KT,030200.KS,KOSPI
삼성에피스홀딩스,0126Z0.KS,KOSPI
LG,003550.KS,KOSPI
두산,000150.KS,KOSPI
삼성에스디에스,018260.KS,KOSPI
레인보우로보틱스,277810.KQ,KOSDAQ
카카오뱅크,323410.KS,KOSPI
현대건설,000720.KS,KOSPI
삼천당제약,000250.KQ,KOSDAQ
한국금융지주,071050.KS,KOSPI
DB손해보험,005830.KS,KOSPI
크래프톤,259960.KS,KOSPI
포스코인터내셔널,047050.KS,KOSPI
S-Oil,010950.KS,KOSPI
키움증권,039490.KS,KOSPI
현대오토에버,307950.KS,KOSPI
에이비엘바이오,298380.KQ,KOSDAQ
에이피알,278470.KS,KOSPI
LIG넥스원,079550.KS,KOSPI
NH투자증권,005940.KS,KOSPI
카카오페이,377300.KS,KOSPI
현대차2우B,005387.KS,KOSPI
대한항공,003490.KS,KOSPI
SK바이오팜,326030.KS,KOSPI
한화,000880.KS,KOSPI
이수페타시스,007660.KS,KOSPI
유한양행,000100.KS,KOSPI
한국타이어앤테크놀로지,161390.KS,KOSPI
아모레퍼시픽,090430.KS,KOSPI
삼양식품,003230.KS,KOSPI
삼성증권,016360.KS,KOSPI
코오롱티슈진,950160.KQ,KOSDAQ
한진칼,180640.KS,KOSPI
HD현대마린솔루션,443060.KS,KOSPI
한화솔루션,009830.KS,KOSPI
한미약품,128940.KS,KOSPI
삼성카드,029780.KS,KOSPI
LS,006260.KS,KOSPI
HLB,028300.KQ,KOSDAQ
LG유플러스,032640.KS,KOSPI
두산로보틱스,454910.KS,KOSPI
LG씨엔에스,064400.KS,KOSPI
GS,078930.KS,KOSPI
삼성E&A,028050.KS,KOSPI
케어젠,214370.KQ,KOSDAQ
CJ,001040.KS,KOSPI
HD건설기계,267270.KS,KOSPI
펩트론,087010.KQ,KOSDAQ
현대차우,005385.KS,KOSPI
BNK금융지주,138930.KS,KOSPI
포스코DX,022100.KS,KOSPI
두산밥캣,241560.KS,KOSPI
대한전선,001440.KS,KOSPI
코웨이,021240.KS,KOSPI
LG디스플레이,034220.KS,KOSPI
한전기술,052690.KS,KOSPI
LG이노텍,011070.KS,KOSPI
JB금융지주,175330.KS,KOSPI
맥쿼리인프라,088980.KS,KOSPI
오리온,271560.KS,KOSPI
넷마블,251270.KS,KOSPI
엔씨소프트,036570.KS,KOSPI
엘앤에프,066970.KS,KOSPI
DB하이텍,000990.KS,KOSPI
에코프로머티,450080.KS,KOSPI
한화엔진,082740.KS,KOSPI
산일전기,062040.KS,KOSPI
메지온,140410.KQ,KOSDAQ
현대제철,004020.KS,KOSPI
KCC,002380.KS,KOSPI
SKC,011790.KS,KOSPI
LG생활건강,051900.KS,KOSPI
로보티즈,108490.KQ,KOSDAQ
현대엘리베이터,017800.KS,KOSPI
영원무역,111770.KS,KOSPI
한온시스템,018880.KS,KOSPI
SK바이오사이언스,302440.KS,KOSPI
강원랜드,035250.KS,KOSPI
한국가스공사,036460.KS,KOSPI
보로노이,310210.KQ,KOSDAQ
서울보증보험,031210.KS,KOSPI
금호석유화학,011780.KS,KOSPI
현대무벡스,319400.KQ,KOSDAQ
디앤디파마텍,347850.KQ,KOSDAQ
한화비전,489790.KS,KOSPI
에임드바이오,0009K0.KQ,KOSDAQ
에스원,012750.KS,KOSPI
CJ제일제당,097950.KS,KOSPI
롯데지주,004990.KS,KOSPI
신세계,004170.KS,KOSPI
한미사이언스,008930.KS,KOSPI
한솔케미칼,014680.KS,KOSPI
롯데케미칼,011170.KS,KOSPI
한화생명,088350.KS,KOSPI
일진전기,103590.KS,KOSPI
이수스페셜티케미컬,457190.KS,KOSPI
에스피지,058610.KQ,KOSDAQ
풍산,103140.KS,KOSPI
세아베스틸지주,001430.KS,KOSPI
셀트리온제약,068760.KQ,KOSDAQ
신영증권,001720.KS,KOSPI
대덕전자,353200.KS,KOSPI
원익홀딩스,030530.KQ,KOSDAQ
OCI홀딩스,010060.KS,KOSPI
이마트,139480.KS,KOSPI
iM금융지주,139130.KS,KOSPI
영원무역홀딩스,009970.KS,KOSPI
F&F,383220.KS,KOSPI
대한조선,439260.KS,KOSPI
롯데쇼핑,023530.KS,KOSPI
HL만도,204320.KS,KOSPI
HD현대마린엔진,071970.KS,KOSPI
미스토홀딩스,081660.KS,KOSPI
현대해상,001450.KS,KOSPI
동진쎄미켐,005290.KQ,KOSDAQ
팬오션,028670.KS,KOSPI
동서,026960.KS,KOSPI
한전KPS,051600.KS,KOSPI
농심,004370.KS,KOSPI
한올바이오파마,009420.KS,KOSPI
한국앤컴퍼니,000240.KS,KOSPI
더존비즈온,012510.KS,KOSPI
실리콘투,257720.KQ,KOSDAQ
CJ대한통운,000120.KS,KOSPI
올릭스,226950.KQ,KOSDAQ
롯데에너지머티리얼즈,020150.KS,KOSPI
아모레퍼시픽홀딩스,002790.KS,KOSPI
에스엘,005850.KS,KOSPI
제일기획,030000.KS,KOSPI
코리안리,003690.KS,KOSPI
효성,004800.KS,KOSPI
비에이치아이,083650.KQ,KOSDAQ
유진테크,084370.KQ,KOSDAQ
오름테라퓨틱,475830.KQ,KOSDAQ
두산퓨얼셀,336260.KS,KOSPI
대우건설,047040.KS,KOSPI
현대백화점,069960.KS,KOSPI
고영,098460.KQ,KOSDAQ
코스맥스,192820.KS,KOSPI
태성,323280.KQ,KOSDAQ
파두,440110.KQ,KOSDAQ
미래에셋증권2우B,00680K.KS,KOSPI
현대위아,011210.KS,KOSPI
하나마이크론,067310.KQ,KOSDAQ
삼표시멘트,038500.KQ,KOSDAQ
엘앤씨바이오,290650.KQ,KOSDAQ
BGF리테일,282330.KS,KOSPI
HJ중공업,097230.KS,KOSPI
달바글로벌,483650.KS,KOSPI
롯데관광개발,032350.KS,KOSPI
다우기술,023590.KS,KOSPI
쎄트렉아이,099320.KQ,KOSDAQ
SK가스,018670.KS,KOSPI
하이젠알앤엠,160190.KQ,KOSDAQ
오스코텍,039200.KQ,KOSDAQ
SK아이이테크놀로지,361610.KS,KOSPI
큐리옥스바이오시스템즈,445680.KQ,KOSDAQ
리브스메드,491000.KQ,KOSDAQ
신성델타테크,065350.KQ,KOSDAQ
씨어스테크놀로지,458870.KQ,KOSDAQ
서진시스템,178320.KQ,KOSDAQ
호텔신라,008770.KS,KOSPI
녹십자,006280.KS,KOSPI
시프트업,462870.KS,KOSPI
대웅제약,069620.KS,KOSPI
파라다이스,034230.KS,KOSPI
동원산업,006040.KS,KOSPI
에스앤에스텍,101490.KQ,KOSDAQ
금호타이어,073240.KS,KOSPI
알지노믹스,476830.KQ,KOSDAQ
한국카본,017960.KS,KOSPI
삼현,437730.KQ,KOSDAQ
두산우,000155.KS,KOSPI
스피어,347700.KQ,KOSDAQ
젬백스,082270.KQ,KOSDAQ
씨에스윈드,112610.KS,KOSPI
DL이앤씨,375500.KS,KOSPI
GS리테일,007070.KS,KOSPI
차바이오텍,085660.KQ,KOSDAQ
SK리츠,395400.KS,KOSPI
효성티앤씨,298020.KS,KOSPI
엔켐,348370.KQ,KOSDAQ
휴림로봇,090710.KQ,KOSDAQ
GS건설,006360.KS,KOSPI
SNT다이내믹스,003570.KS,KOSPI
한국콜마,161890.KS,KOSPI
테크윙,089030.KQ,KOSDAQ
코스모신소재,005070.KS,KOSPI
미래에셋생명,085620.KS,KOSPI
LX인터내셔널,001120.KS,KOSPI
우리기술,032820.KQ,KOSDAQ
클로봇,466100.KQ,KOSDAQ
오뚜기,007310.KS,KOSPI
아시아나항공,020560.KS,KOSPI
현대지에프홀딩스,005440.KS,KOSPI
DN오토모티브,007340.KS,KOSPI
와이씨,232140.KQ,KOSDAQ
레이크머티리얼즈,281740.KQ,KOSDAQ
코오롱인더,120110.KS,KOSPI
대신증권,003540.KS,KOSPI
성호전자,043260.KQ,KOSDAQ
피에스케이홀딩스,031980.KQ,KOSDAQ
네이처셀,007390.KQ,KOSDAQ
제주반도체,080220.KQ,KOSDAQ
LS마린솔루션,060370.KQ,KOSDAQ
에이프릴바이오,397030.KQ,KOSDAQ
오리온홀딩스,001800.KS,KOSPI
대웅,003090.KS,KOSPI
HDC현대산업개발,294870.KS,KOSPI
가온전선,000500.KS,KOSPI
씨젠,096530.KQ,KOSDAQ
유일로보틱스,388720.KQ,KOSDAQ
테스,095610.KQ,KOSDAQ
교보증권,030610.KS,KOSPI
와이지엔터테인먼트,122870.KQ,KOSDAQ
미래에셋벤처투자,100790.KQ,KOSDAQ
지투지바이오,456160.KQ,KOSDAQ
한화투자증권,003530.KS,KOSPI
한일시멘트,300720.KS,KOSPI
롯데리츠,330590.KS,KOSPI
LS에코에너지,229640.KS,KOSPI
지역난방공사,071320.KS,KOSPI
코리아써키트,007810.KS,KOSPI
하이트진로,000080.KS,KOSPI
롯데칠성,005300.KS,KOSPI
제이앤티씨,204270.KQ,KOSDAQ
STX엔진,077970.KS,KOSPI
GS피앤엘,499790.KS,KOSPI
KB발해인프라,415640.KS,KOSPI
RFHIC,218410.KQ,KOSDAQ
씨엠티엑스,388210.KQ,KOSDAQ
큐리언트,115180.KQ,KOSDAQ
삼성화재우,000815.KS,KOSPI
종근당,185750.KS,KOSPI
유진로봇,056080.KQ,KOSDAQ
앱클론,174900.KQ,KOSDAQ
LG화학우,051915.KS,KOSPI
루닛,328130.KQ,KOSDAQ
더블유게임즈,192080.KS,KOSPI
롯데정밀화학,004000.KS,KOSPI
동양생명,082640.KS,KOSPI
롯데렌탈,089860.KS,KOSPI
서부T&D,006730.KQ,KOSDAQ
HDC,012630.KS,KOSPI
SFA반도체,036540.KQ,KOSDAQ
일동제약,249420.KS,KOSPI
필옵틱스,161580.KQ,KOSDAQ
SK네트웍스,001740.KS,KOSPI
SK케미칼,285130.KS,KOSPI
롯데웰푸드,280360.KS,KOSPI
뉴로메카,348340.KQ,KOSDAQ
대주전자재료,078600.KQ,KOSDAQ
HS효성첨단소재,298050.KS,KOSPI
ESR켄달스퀘어리츠,365550.KS,KOSPI
엠앤씨솔루션,484870.KS,KOSPI
인텔리안테크,189300.KQ,KOSDAQ
에스디바이오센서,137310.KS,KOSPI
아이티센글로벌,124500.KQ,KOSDAQ
SK오션플랜트,100090.KS,KOSPI
해성디에스,195870.KS,KOSPI
한샘,009240.KS,KOSPI
에이치브이엠,295310.KQ,KOSDAQ
코스메카코리아,241710.KQ,KOSDAQ
태광산업,003240.KS,KOSPI
NHN,181710.KS,KOSPI
영풍,000670.KS,KOSPI
세진중공업,075580.KS,KOSPI
티에스이,131290.KQ,KOSDAQ
CJ CGV,079160.KS,KOSPI
쿠쿠홀딩스,192400.KS,KOSPI
디어유,376300.KQ,KOSDAQ
케이씨텍,281820.KS,KOSPI
LS머트리얼즈,417200.KQ,KOSDAQ
메디포스트,078160.KQ,KOSDAQ
위메이드,112040.KQ,KOSDAQ
NICE평가정보,030190.KS,KOSPI
SK디스커버리,006120.KS,KOSPI
제이에스링크,127120.KQ,KOSDAQ
대한유화,006650.KS,KOSPI
HD현대에너지솔루션,322000.KS,KOSPI
제룡전기,033100.KQ,KOSDAQ
메디톡스,086900.KQ,KOSDAQ
현대바이오,048410.KQ,KOSDAQ
명인제약,317450.KS,KOSPI
SNT홀딩스,036530.KS,KOSPI
DL,000210.KS,KOSPI
다우데이타,032190.KQ,KOSDAQ
세미파이브,490470.KQ,KOSDAQ
비츠로셀,082920.KQ,KOSDAQ
인벤티지랩,389470.KQ,KOSDAQ
SNT모티브,064960.KS,KOSPI
에프에스티,036810.KQ,KOSDAQ
LX세미콘,108320.KS,KOSPI
선익시스템,171090.KQ,KOSDAQ
한화3우B,00088K.KS,KOSPI
넥센타이어,002350.KS,KOSPI
세방전지,004490.KS,KOSPI
유안타증권,003470.KS,KOSPI
경동나비엔,009450.KS,KOSPI
SNT에너지,100840.KS,KOSPI
후성,093370.KS,KOSPI
한화리츠,451800.KS,KOSPI
동성화인텍,033500.KQ,KOSDAQ
NHN KCP,060250.KQ,KOSDAQ
아난티,025980.KQ,KOSDAQ
LG전자우,066575.KS,KOSPI
한국금융지주우,071055.KS,KOSPI
지아이이노베이션,358570.KQ,KOSDAQ
디아이,003160.KS,KOSPI
자화전자,033240.KS,KOSPI
카페24,042000.KQ,KOSDAQ
동원시스템즈,014820.KS,KOSPI
코오롱생명과학,102940.KQ,KOSDAQ
전진건설로봇,079900.KS,KOSPI
TKG휴켐스,069260.KS,KOSPI
넥슨게임즈,225570.KQ,KOSDAQ
아이에스동서,010780.KS,KOSPI
로킷헬스케어,376900.KQ,KOSDAQ
이엔에프테크놀로지,102710.KQ,KOSDAQ
성광벤드,014620.KQ,KOSDAQ
코오롱,002020.KS,KOSPI
코나아이,052400.KQ,KOSDAQ
파미셀,005690.KS,KOSPI
KG모빌리티,003620.KS,KOSPI
아이쓰리시스템,214430.KQ,KOSDAQ
보령,003850.KS,KOSPI
GKL,114090.KS,KOSPI
F&F홀딩스,007700.KS,KOSPI
노타,486990.KQ,KOSDAQ
프로티나,468530.KQ,KOSDAQ
나노신소재,121600.KQ,KOSDAQ
JW중외제약,001060.KS,KOSPI
이노션,214320.KS,KOSPI
솔루엠,248070.KS,KOSPI
대상,001680.KS,KOSPI
비나텍,126340.KQ,KOSDAQ
케이엠더블유,032500.KQ,KOSDAQ
큐렉소,060280.KQ,KOSDAQ
하나투어,039130.KS,KOSPI
가온칩스,399720.KQ,KOSDAQ
빙그레,005180.KS,KOSPI
온코닉테라퓨틱스,476060.KQ,KOSDAQ
기가비스,420770.KQ,KOSDAQ
네오셈,253590.KQ,KOSDAQ
토모큐브,475960.KQ,KOSDAQ
성일하이텍,365340.KQ,KOSDAQ
CJ4우(전환),00104K.KS,KOSPI
케이카,381970.KS,KOSPI
로보스타,090360.KQ,KOSDAQ
덕양에너젠,0001A0.KQ,KOSDAQ
원텍,336570.KQ,KOSDAQ
펌텍코리아,251970.KQ,KOSDAQ
한화손해보험,000370.KS,KOSPI
부국증권,001270.KS,KOSPI
한국단자,025540.KS,KOSPI
이뮨온시아,424870.KQ,KOSDAQ
그래피,318060.KQ,KOSDAQ
에코프로에이치엔,383310.KQ,KOSDAQ
태광,023160.KQ,KOSDAQ
한라캐스트,125490.KQ,KOSDAQ
현대홈쇼핑,057050.KS,KOSPI
녹십자홀딩스,005250.KS,KOSPI
프레스티지바이오파마,950210.KS,KOSPI
신한알파리츠,293940.KS,KOSPI
동아쏘시오홀딩스,000640.KS,KOSPI
삼양바이오팜,0120G0.KS,KOSPI
큐로셀,372320.KQ,KOSDAQ
미원에스씨,268280.KS,KOSPI
안랩,053800.KQ,KOSDAQ
SK이터닉스,475150.KS,KOSPI
인투셀,287840.KQ,KOSDAQ
비츠로넥스텍,488900.KQ,KOSDAQ
E1,017940.KS,KOSPI
OCI,456040.KS,KOSPI
신풍제약,019170.KS,KOSPI
미원상사,002840.KS,KOSPI
브이엠,089970.KQ,KOSDAQ
세아홀딩스,058650.KS,KOSPI
대한해운,005880.KS,KOSPI
브이티,018290.KQ,KOSDAQ
시노펙스,025320.KQ,KOSDAQ
율촌화학,008730.KS,KOSPI
인카금융서비스,211050.KQ,KOSDAQ
휴온스글로벌,084110.KQ,KOSDAQ
LX홀딩스,383800.KS,KOSPI
다날,064260.KQ,KOSDAQ
HEM파마,376270.KQ,KOSDAQ
금양,001570.KS,KOSPI
동운아나텍,094170.KQ,KOSDAQ
샘씨엔에스,252990.KQ,KOSDAQ
우리기술투자,041190.KQ,KOSDAQ
지엔씨에너지,119850.KQ,KOSDAQ
케이아이엔엑스,093320.KQ,KOSDAQ
카프로,006380.KS,KOSPI
나라스페이스테크놀로지,478340.KQ,KOSDAQ
천보,278280.KQ,KOSDAQ
코스모화학,005420.KS,KOSPI
한세실업,105630.KS,KOSPI
네오위즈,095660.KQ,KOSDAQ
신도리코,029530.KS,KOSPI
넥스트바이오메디컬,389650.KQ,KOSDAQ
프로텍,053610.KQ,KOSDAQ
LF,093050.KS,KOSPI
대신증권우,003545.KS,KOSPI
감성코퍼레이션,036620.KQ,KOSDAQ
고려제강,002240.KS,KOSPI
현대힘스,460930.KQ,KOSDAQ
아세아,002030.KS,KOSPI
성우하이텍,015750.KQ,KOSDAQ
비에이치,090460.KS,KOSPI
현대차증권,001500.KS,KOSPI
쏠리드,050890.KQ,KOSDAQ
한스바이오메드,042520.KQ,KOSDAQ
태웅,044490.KQ,KOSDAQ
아주IB투자,027360.KQ,KOSDAQ
제주은행,006220.KS,KOSPI
한국쉘석유,002960.KS,KOSPI
미코,059090.KQ,KOSDAQ
삼천리,004690.KS,KOSPI
바이오노트,377740.KS,KOSPI
세아제강지주,003030.KS,KOSPI
풍산홀딩스,005810.KS,KOSPI
제우스,079370.KQ,KOSDAQ
PI첨단소재,178920.KS,KOSPI
코미팜,041960.KQ,KOSDAQ
KG스틸,016380.KS,KOSPI
지노믹트리,228760.KQ,KOSDAQ
현대차3우B,005389.KS,KOSPI
티엘비,356860.KQ,KOSDAQ
한전산업,130660.KS,KOSPI
위메이드맥스,101730.KQ,KOSDAQ
에스티큐브,052020.KQ,KOSDAQ
솔루스첨단소재,336370.KS,KOSPI
DB증권,016610.KS,KOSPI
유니드,014830.KS,KOSPI
맵스리얼티,094800.KS,KOSPI
쿠쿠홈시스,284740.KS,KOSPI
메디아나,041920.KQ,KOSDAQ
덴티움,145720.KS,KOSPI
켐트로닉스,089010.KQ,KOSDAQ
롯데손해보험,000400.KS,KOSPI
드림텍,192650.KS,KOSPI
원익머트리얼즈,104830.KQ,KOSDAQ
덕산하이메탈,077360.KQ,KOSDAQ
동아에스티,170900.KS,KOSPI
에스티아이,039440.KQ,KOSDAQ
아모레퍼시픽우,090435.KS,KOSPI
신라젠,215600.KQ,KOSDAQ
현대그린푸드,453340.KS,KOSPI
HLB제약,047920.KQ,KOSDAQ
아이센스,099190.KQ,KOSDAQ
티에프이,425420.KQ,KOSDAQ
엔젤로보틱스,455900.KQ,KOSDAQ
재영솔루텍,049630.KQ,KOSDAQ
티로보틱스,117730.KQ,KOSDAQ
NICE,034310.KS,KOSPI
퓨쳐켐,220100.KQ,KOSDAQ
아스테라시스,450950.KQ,KOSDAQ
한양이엔지,045100.KQ,KOSDAQ
GST,083450.KQ,KOSDAQ
삼양사,145990.KS,KOSPI
한일홀딩스,003300.KS,KOSPI
우진,105840.KS,KOSPI
엠씨넥스,097520.KS,KOSPI
파이버프로,368770.KQ,KOSDAQ
에코마케팅,230360.KQ,KOSDAQ
일진하이솔루스,271940.KS,KOSPI
툴젠,199800.KQ,KOSDAQ
풀무원,017810.KS,KOSPI
애경케미칼,161000.KS,KOSPI
퍼시스,016800.KS,KOSPI
HLB생명과학,067630.KQ,KOSDAQ
유바이오로직스,206650.KQ,KOSDAQ
명신산업,009900.KS,KOSPI
엠로,058970.KQ,KOSDAQ
아세아시멘트,183190.KS,KOSPI
에이디테크놀로지,200710.KQ,KOSDAQ
태영건설,009410.KS,KOSPI
예스티,122640.KQ,KOSDAQ
삼양홀딩스,000070.KS,KOSPI
신대양제지,016590.KS,KOSPI
바이넥스,053030.KQ,KOSDAQ
씨앤씨인터내셔널,352480.KQ,KOSDAQ
제이알글로벌리츠,348950.KS,KOSPI
스틱인베스트먼트,026890.KS,KOSPI
조광피혁,004700.KS,KOSPI
삼양컴텍,484590.KQ,KOSDAQ
티웨이항공,091810.KS,KOSPI
삼성FN리츠,448730.KS,KOSPI
에스에이엠티,031330.KQ,KOSDAQ
신성이엔지,011930.KS,KOSPI
인바디,041830.KQ,KOSDAQ
데브시스터즈,194480.KQ,KOSDAQ
YG PLUS,037270.KS,KOSPI
제주항공,089590.KS,KOSPI
대한제강,084010.KS,KOSPI
INVENI,015360.KS,KOSPI
신세계인터내셔날,031430.KS,KOSPI
한중엔시에스,107640.KQ,KOSDAQ
코람코라이프인프라리츠,357120.KS,KOSPI
한국기업평가,034950.KQ,KOSDAQ
네패스,033640.KQ,KOSDAQ
휴메딕스,200670.KQ,KOSDAQ
이노스페이스,462350.KQ,KOSDAQ
HLB이노베이션,024850.KQ,KOSDAQ
가비아,079940.KQ,KOSDAQ
씨메스,475400.KQ,KOSDAQ
그린광학,0015G0.KQ,KOSDAQ
KCC글라스,344820.KS,KOSPI
삼양엔씨켐,482630.KQ,KOSDAQ
SPC삼립,005610.KS,KOSPI
유티아이,179900.KQ,KOSDAQ
바이오다인,314930.KQ,KOSDAQ
천일고속,000650.KS,KOSPI
월덱스,101160.KQ,KOSDAQ
티앤엘,340570.KQ,KOSDAQ
NH투자증권우,005945.KS,KOSPI
농심홀딩스,072710.KS,KOSPI
쓰리빌리언,394800.KQ,KOSDAQ
링크솔루션,474650.KQ,KOSDAQ
TCC스틸,002710.KS,KOSPI
한섬,020000.KS,KOSPI
큐리오시스,494120.KQ,KOSDAQ
케이씨,029460.KS,KOSPI
한화갤러리아,452260.KS,KOSPI
동국제강,460860.KS,KOSPI
대한광통신,010170.KQ,KOSDAQ
SGC에너지,005090.KS,KOSPI
삼아알미늄,006110.KS,KOSPI
흥아해운,003280.KS,KOSPI
피노,033790.KQ,KOSDAQ
알멕,354320.KQ,KOSDAQ
HL홀딩스,060980.KS,KOSPI
펨트론,168360.KQ,KOSDAQ
DI동일,001530.KS,KOSPI
갤럭시아머니트리,094480.KQ,KOSDAQ
DXVX,180400.KQ,KOSDAQ
강원에너지,114190.KQ,KOSDAQ
한양디지텍,078350.KQ,KOSDAQ
SK증권,001510.KS,KOSPI
슈어소프트테크,298830.KQ,KOSDAQ
서연이화,200880.KS,KOSPI
코오롱ENP,138490.KS,KOSPI
유진투자증권,001200.KS,KOSPI
칩스앤미디어,094360.KQ,KOSDAQ
부광약품,003000.KS,KOSPI
제이에스코퍼레이션,194370.KS,KOSPI
디아이티,110990.KQ,KOSDAQ
스맥,099440.KQ,KOSDAQ
KH바텍,060720.KQ,KOSDAQ
안트로젠,065660.KQ,KOSDAQ
BGF,027410.KS,KOSPI
디아이씨,092200.KS,KOSPI
쏘카,403550.KS,KOSPI
국일제지,078130.KQ,KOSDAQ
아이티켐,309710.KQ,KOSDAQ
KG케미칼,001390.KS,KOSPI
한텍,098070.KQ,KOSDAQ
에스비비테크,389500.KQ,KOSDAQ
CJ프레시웨이,051500.KQ,KOSDAQ
지씨셀,144510.KQ,KOSDAQ
한농화성,011500.KS,KOSPI
코세스,089890.KQ,KOSDAQ
파인엠텍,441270.KQ,KOSDAQ
대성산업,128820.KS,KOSPI
하이록코리아,013030.KQ,KOSDAQ
현대약품,004310.KS,KOSPI
에스바이오메딕스,304360.KQ,KOSDAQ
현대퓨처넷,126560.KS,KOSPI
에이스침대,003800.KQ,KOSDAQ
나우로보틱스,459510.KQ,KOSDAQ
오픈엣지테크놀로지,394280.KQ,KOSDAQ
보성파워텍,006910.KQ,KOSDAQ
한국피아이엠,448900.KQ,KOSDAQ
덕산테코피아,317330.KQ,KOSDAQ
서희건설,035890.KQ,KOSDAQ
인화정공,101930.KQ,KOSDAQ
대덕,008060.KS,KOSPI
수산인더스트리,126720.KS,KOSPI
유니테스트,086390.KQ,KOSDAQ
엑시콘,092870.KQ,KOSDAQ
티엠씨,217590.KS,KOSPI
에이유브랜즈,481070.KQ,KOSDAQ
진에어,272450.KS,KOSPI
대상홀딩스,084690.KS,KOSPI
코람코더원리츠,417310.KS,KOSPI
글로벌텍스프리,204620.KQ,KOSDAQ
KB스타리츠,432320.KS,KOSPI
더본코리아,475560.KS,KOSPI
남해화학,025860.KS,KOSPI
SAMG엔터,419530.KQ,KOSDAQ
일진홀딩스,015860.KS,KOSPI
나이벡,138610.KQ,KOSDAQ
에코앤드림,101360.KQ,KOSDAQ
애경산업,018250.KS,KOSPI
국도화학,007690.KS,KOSPI
오리엔탈정공,014940.KQ,KOSDAQ
대명에너지,389260.KQ,KOSDAQ
제테마,216080.KQ,KOSDAQ
두산2우B,000157.KS,KOSPI
넥센,005720.KS,KOSPI
SG,255220.KQ,KOSDAQ
미래나노텍,095500.KQ,KOSDAQ
세아제강,306200.KS,KOSPI
삼지전자,037460.KQ,KOSDAQ
루미르,474170.KQ,KOSDAQ
와이바이오로직스,338840.KQ,KOSDAQ
삼화전기,009470.KS,KOSPI
한솔아이원스,114810.KQ,KOSDAQ
신성에스티,416180.KQ,KOSDAQ
이지홀딩스,035810.KQ,KOSDAQ
영진약품,003520.KS,KOSPI
솔트룩스,304100.KQ,KOSDAQ
아세아제지,002310.KS,KOSPI
DB,012030.KS,KOSPI
콜마홀딩스,024720.KS,KOSPI
삼성전기우,009155.KS,KOSPI
SBS,034120.KS,KOSPI
한국철강,104700.KS,KOSPI
사조대림,003960.KS,KOSPI
SIMPAC,009160.KS,KOSPI
켄코아에어로스페이스,274090.KQ,KOSDAQ
롯데이노베이트,286940.KS,KOSPI
폰드그룹,472850.KQ,KOSDAQ
인탑스,049070.KQ,KOSDAQ
테라뷰,950250.KQ,KOSDAQ
에스오에스랩,464080.KQ,KOSDAQ
케이엔알시스템,199430.KQ,KOSDAQ
LS증권,078020.KQ,KOSDAQ
필에너지,378340.KQ,KOSDAQ
대동,000490.KS,KOSPI
하림,136480.KQ,KOSDAQ
와이지-원,019210.KQ,KOSDAQ
에이직랜드,445090.KQ,KOSDAQ
KISCO홀딩스,001940.KS,KOSPI
DS단석,017860.KS,KOSPI
헥토파이낸셜,234340.KQ,KOSDAQ
AP시스템,265520.KQ,KOSDAQ
대아티아이,045390.KQ,KOSDAQ
화승엔터프라이즈,241590.KS,KOSPI
사조산업,007160.KS,KOSPI
더즌,462860.KQ,KOSDAQ
케이프,064820.KQ,KOSDAQ
바이오니아,064550.KQ,KOSDAQ
일신방직,003200.KS,KOSPI
나무가,190510.KQ,KOSDAQ
휴온스,243070.KQ,KOSDAQ
삼미금속,012210.KQ,KOSDAQ
셀비온,308430.KQ,KOSDAQ
쿠콘,294570.KQ,KOSDAQ
유진기업,023410.KQ,KOSDAQ
한국자산신탁,123890.KS,KOSPI
진성티이씨,036890.KQ,KOSDAQ
삼성SDI우,006405.KS,KOSPI
서울가스,017390.KS,KOSPI
삼영무역,002810.KS,KOSPI
삼화콘덴서,001820.KS,KOSPI
현대코퍼레이션,011760.KS,KOSPI
에브리봇,270660.KQ,KOSDAQ
알에스오토메이션,140670.KQ,KOSDAQ
셀바스AI,108860.KQ,KOSDAQ
KPX홀딩스,092230.KS,KOSPI
슈프리마,236200.KQ,KOSDAQ
컨텍,451760.KQ,KOSDAQ
한국비엔씨,256840.KQ,KOSDAQ
바이오플러스,099430.KQ,KOSDAQ
모두투어,080160.KQ,KOSDAQ
뉴로핏,380550.KQ,KOSDAQ
네오팜,092730.KQ,KOSDAQ
RF머트리얼즈,327260.KQ,KOSDAQ
유니셈,036200.KQ,KOSDAQ
매커스,093520.KQ,KOSDAQ
한국토지신탁,034830.KS,KOSPI
풍원정밀,371950.KQ,KOSDAQ
화신,010690.KS,KOSPI
한진,002320.KS,KOSPI
KG이니시스,035600.KQ,KOSDAQ
유나이티드제약,033270.KS,KOSPI
엘케이켐,489500.KQ,KOSDAQ
더핑크퐁컴퍼니,403850.KQ,KOSDAQ
에이비온,203400.KQ,KOSDAQ
AP위성,211270.KQ,KOSDAQ
석경에이티,357550.KQ,KOSDAQ
광동제약,009290.KS,KOSPI
엘앤케이바이오,156100.KQ,KOSDAQ
노루홀딩스,000320.KS,KOSPI
제이브이엠,054950.KQ,KOSDAQ
CMG제약,058820.KQ,KOSDAQ
삼목에스폼,018310.KQ,KOSDAQ
TYM,002900.KS,KOSPI
JW홀딩스,096760.KS,KOSPI
사피엔반도체,452430.KQ,KOSDAQ
선진,136490.KS,KOSPI
바텍,043150.KQ,KOSDAQ
오킨스전자,080580.KQ,KOSDAQ
KG에코솔루션,151860.KQ,KOSDAQ
에코아이,448280.KQ,KOSDAQ
한국정보통신,025770.KQ,KOSDAQ
일성아이에스,003120.KS,KOSPI
에스엔시스,0008Z0.KQ,KOSDAQ
바디텍메드,206640.KQ,KOSDAQ
BYC,001460.KS,KOSPI
이리츠코크렙,088260.KS,KOSPI
GRT,900290.KQ,KOSDAQ
남양유업,003920.KS,KOSPI
인터플렉스,051370.KQ,KOSDAQ
디앤디플랫폼리츠,377190.KS,KOSPI
에이팩트,200470.KQ,KOSDAQ
티엑스알로보틱스,484810.KQ,KOSDAQ
이지스밸류플러스리츠,334890.KS,KOSPI
아크릴,0007C0.KQ,KOSDAQ
모토닉,009680.KS,KOSPI
네패스아크,330860.KQ,KOSDAQ
에이플러스에셋,244920.KS,KOSPI
PKC,001340.KS,KOSPI
경방,000050.KS,KOSPI
범한퓨얼셀,382900.KQ,KOSDAQ
세방,004360.KS,KOSPI
SJG세종,033530.KS,KOSPI
매일유업,267980.KQ,KOSDAQ
듀켐바이오,176750.KQ,KOSDAQ
대화제약,067080.KQ,KOSDAQ
노바텍,285490.KQ,KOSDAQ
엘브이엠씨홀딩스,900140.KS,KOSPI
PS일렉트로닉스,332570.KQ,KOSDAQ
넥스틸,092790.KS,KOSPI
헬릭스미스,084990.KQ,KOSDAQ
JTC,950170.KQ,KOSDAQ
지누스,013890.KS,KOSPI
우주일렉트로,065680.KQ,KOSDAQ
모베이스전자,012860.KQ,KOSDAQ
제이오,418550.KQ,KOSDAQ
상아프론테크,089980.KQ,KOSDAQ
대원전선,006340.KS,KOSPI
세나테크놀로지,061090.KQ,KOSDAQ
코난테크놀로지,402030.KQ,KOSDAQ
한국정보인증,053300.KQ,KOSDAQ
백산,035150.KS,KOSPI
LS네트웍스,000680.KS,KOSPI
대신밸류리츠,0030R0.KS,KOSPI
노바렉스,194700.KQ,KOSDAQ
뷰노,338220.KQ,KOSDAQ
피에스텍,002230.KQ,KOSDAQ
아이마켓코리아,122900.KS,KOSPI
헥토이노베이션,214180.KQ,KOSDAQ
한국캐피탈,023760.KQ,KOSDAQ
에이블씨엔씨,078520.KS,KOSPI
광주신세계,037710.KS,KOSPI
액트로,290740.KQ,KOSDAQ
엘티씨,170920.KQ,KOSDAQ
뉴파워프라즈마,144960.KQ,KOSDAQ
해성산업,034810.KQ,KOSDAQ
엔케이맥스,182400.KQ,KOSDAQ
지놈앤컴퍼니,314130.KQ,KOSDAQ
동원개발,013120.KQ,KOSDAQ
자람테크놀로지,389020.KQ,KOSDAQ
대원산업,005710.KQ,KOSDAQ
이랜텍,054210.KQ,KOSDAQ
삼성물산우B,02826K.KS,KOSPI
윤성에프앤씨,372170.KQ,KOSDAQ
미래에셋증권우,006805.KS,KOSPI
노머스,473980.KQ,KOSDAQ
디오,039840.KQ,KOSDAQ
대양전기공업,108380.KQ,KOSDAQ
한양증권,001750.KS,KOSPI
서흥,008490.KS,KOSPI
비츠로테크,042370.KQ,KOSDAQ
서호전기,065710.KQ,KOSDAQ
LX하우시스,108670.KS,KOSPI
케이엔제이,272110.KQ,KOSDAQ
아이패밀리에스씨,114840.KQ,KOSDAQ
무학,033920.KS,KOSPI
아스트,067390.KQ,KOSDAQ
비덴트,121800.KQ,KOSDAQ
큐라클,365270.KQ,KOSDAQ
삼진제약,005500.KS,KOSPI
대원제약,003220.KS,KOSPI
미래반도체,254490.KQ,KOSDAQ
위니아에이드,377460.KQ,KOSDAQ
중앙첨단소재,051980.KQ,KOSDAQ
피에이치에이,043370.KQ,KOSDAQ
하이비젼시스템,126700.KQ,KOSDAQ
대한제당,001790.KS,KOSPI
나노팀,417010.KQ,KOSDAQ
성신양회,004980.KS,KOSPI
한라IMS,092460.KQ,KOSDAQ
도우인시스,484120.KQ,KOSDAQ
포스코스틸리온,058430.KS,KOSPI
유니슨,018000.KQ,KOSDAQ
일양약품,007570.KS,KOSPI
BGF에코머티리얼즈,126600.KQ,KOSDAQ
이지바이오,353810.KQ,KOSDAQ
대한제분,001130.KS,KOSPI
인포바인,115310.KQ,KOSDAQ
종근당홀딩스,001630.KS,KOSPI
잇츠한불,226320.KS,KOSPI
엘오티베큠,083310.KQ,KOSDAQ
에스엠벡셀,010580.KS,KOSPI
대원강업,000430.KS,KOSPI
메카로,241770.KQ,KOSDAQ
이노와이어리스,073490.KQ,KOSDAQ
일진파워,094820.KQ,KOSDAQ
LB세미콘,061970.KQ,KOSDAQ
HLB테라퓨틱스,115450.KQ,KOSDAQ
동아지질,028100.KS,KOSPI
우진엔텍,457550.KQ,KOSDAQ
동양이엔피,079960.KQ,KOSDAQ
방림,003610.KS,KOSPI
서연,007860.KS,KOSPI
오로스테크놀로지,322310.KQ,KOSDAQ
플리토,300080.KQ,KOSDAQ
현대비앤지스틸,004560.KS,KOSPI
AJ네트웍스,095570.KS,KOSPI
신세계 I&C,035510.KS,KOSPI
피아이이,452450.KQ,KOSDAQ
원익,032940.KQ,KOSDAQ
잉글우드랩,950140.KQ,KOSDAQ
흥국화재,000540.KS,KOSPI
휴스틸,005010.KS,KOSPI
동국홀딩스,001230.KS,KOSPI
삼영,003720.KS,KOSPI
한국알콜,017890.KQ,KOSDAQ
다올투자증권,030210.KS,KOSPI
LG생활건강우,051905.KS,KOSPI
나이스정보통신,036800.KQ,KOSDAQ
SK디앤디,210980.KS,KOSPI
스카이라이프,053210.KS,KOSPI
클리오,237880.KQ,KOSDAQ
와이투솔루션,011690.KS,KOSPI
뷰웍스,100120.KQ,KOSDAQ
하나기술,299030.KQ,KOSDAQ
미원화학,134380.KS,KOSPI
엠아이텍,179290.KQ,KOSDAQ
삼일제약,000520.KS,KOSPI
삼영전자,005680.KS,KOSPI
케이티알파,036030.KQ,KOSDAQ
협진,138360.KQ,KOSDAQ
토비스,051360.KQ,KOSDAQ
이수화학,005950.KS,KOSPI
와이씨켐,112290.KQ,KOSDAQ
KSS해운,044450.KS,KOSPI
마녀공장,439090.KQ,KOSDAQ
아바코,083930.KQ,KOSDAQ
모트렉스,118990.KQ,KOSDAQ
넵튠,217270.KQ,KOSDAQ
DSC인베스트먼트,241520.KQ,KOSDAQ
비보존 제약,082800.KQ,KOSDAQ
와이엠티,251370.KQ,KOSDAQ
코오롱글로벌,003070.KS,KOSPI
신한서부티엔디리츠,404990.KS,KOSPI
한국화장품제조,003350.KS,KOSPI
제노코,361390.KQ,KOSDAQ
디지털대성,068930.KQ,KOSDAQ
아이씨티케이,456010.KQ,KOSDAQ
신흥에스이씨,243840.KQ,KOSDAQ
라온로보틱스,232680.KQ,KOSDAQ
디엔에프,092070.KQ,KOSDAQ
엔알비,475230.KQ,KOSDAQ
네오위즈홀딩스,042420.KQ,KOSDAQ
타이거일렉,219130.KQ,KOSDAQ
엠케이전자,033160.KQ,KOSDAQ
인텍플러스,064290.KQ,KOSDAQ
이월드,084680.KS,KOSPI
프레스티지바이오로직스,334970.KQ,KOSDAQ
퍼스텍,010820.KS,KOSPI
교촌에프앤비,339770.KS,KOSPI
이랜시스,264850.KQ,KOSDAQ
CR홀딩스,000480.KS,KOSPI
박셀바이오,323990.KQ,KOSDAQ
동양,001520.KS,KOSPI
대성에너지,117580.KS,KOSPI
도화엔지니어링,002150.KS,KOSPI
텔레칩스,054450.KQ,KOSDAQ
HS효성,487570.KS,KOSPI
송원산업,004430.KS,KOSPI
폴라리스오피스,041020.KQ,KOSDAQ
흥구석유,024060.KQ,KOSDAQ
파워로직스,047310.KQ,KOSDAQ
제일일렉트릭,199820.KQ,KOSDAQ
대신증권2우B,003547.KS,KOSPI
CJ우,001045.KS,KOSPI
에어부산,298690.KS,KOSPI
조이시티,067000.KQ,KOSDAQ
S-Oil우,010955.KS,KOSPI
KPX케미칼,025000.KS,KOSPI
큐알티,405100.KQ,KOSDAQ
레드캡투어,038390.KQ,KOSDAQ
압타바이오,293780.KQ,KOSDAQ
하이트진로홀딩스,000140.KS,KOSPI
에이스테크,088800.KQ,KOSDAQ
토니모리,214420.KS,KOSPI
이수앱지스,086890.KQ,KOSDAQ
이연제약,102460.KS,KOSPI
한국공항,005430.KS,KOSPI
시너지이노베이션,048870.KQ,KOSDAQ
에치에프알,230240.KQ,KOSDAQ
알루코,001780.KS,KOSPI
동성케미컬,102260.KS,KOSPI
유비케어,032620.KQ,KOSDAQ
우림피티에스,101170.KQ,KOSDAQ
HDC랩스,039570.KS,KOSPI
아이스크림미디어,461300.KQ,KOSDAQ
제일약품,271980.KS,KOSPI
KZ정밀,036560.KQ,KOSDAQ
미창석유,003650.KS,KOSPI
KCTC,009070.KS,KOSPI
강남제비스코,000860.KS,KOSPI
인터로조,119610.KQ,KOSDAQ
싸이닉솔루션,234030.KQ,KOSDAQ
코리아에프티,123410.KQ,KOSDAQ
디케이티,290550.KQ,KOSDAQ
에스투더블유,488280.KQ,KOSDAQ
만호제강,001080.KS,KOSPI
한미글로벌,053690.KS,KOSPI
어보브반도체,102120.KQ,KOSDAQ
지씨지놈,340450.KQ,KOSDAQ
차AI헬스케어,025620.KS,KOSPI
골프존홀딩스,121440.KQ,KOSDAQ
리파인,377450.KQ,KOSDAQ
LG우,003555.KS,KOSPI
베뉴지,019010.KQ,KOSDAQ
삼익THK,004380.KS,KOSPI
아나패스,123860.KQ,KOSDAQ
엑스게이트,356680.KQ,KOSDAQ
아이텍,119830.KQ,KOSDAQ
에스와이스틸텍,365330.KQ,KOSDAQ
이노테크,469610.KQ,KOSDAQ
한솔제지,213500.KS,KOSPI
KG모빌리언스,046440.KQ,KOSDAQ
계양전기,012200.KS,KOSPI
티이엠씨,425040.KQ,KOSDAQ
JW생명과학,234080.KS,KOSPI
에이프로젠,007460.KS,KOSPI
아이디스,143160.KQ,KOSDAQ
제넥신,095700.KQ,KOSDAQ
계룡건설,013580.KS,KOSPI
페스카로,0015S0.KQ,KOSDAQ
대동기어,008830.KQ,KOSDAQ
해태제과식품,101530.KS,KOSPI
인선이엔티,060150.KQ,KOSDAQ
삼화페인트,000390.KS,KOSPI
상신이디피,091580.KQ,KOSDAQ
비씨엔씨,146320.KQ,KOSDAQ
GS글로벌,001250.KS,KOSPI
금호석유화학우,011785.KS,KOSPI
경인양행,012610.KS,KOSPI
금화피에스시,036190.KQ,KOSDAQ
HB테크놀러지,078150.KQ,KOSDAQ
큐브엔터,182360.KQ,KOSDAQ
원익피앤이,217820.KQ,KOSDAQ
코윈테크,282880.KQ,KOSDAQ
메드팩토,235980.KQ,KOSDAQ
오가노이드사이언스,476040.KQ,KOSDAQ
로보로보,215100.KQ,KOSDAQ
성우,458650.KQ,KOSDAQ
환인제약,016580.KS,KOSPI
웨이비스,289930.KQ,KOSDAQ
디에스케이,109740.KQ,KOSDAQ
이스트소프트,047560.KQ,KOSDAQ
강스템바이오텍,217730.KQ,KOSDAQ
오이솔루션,138080.KQ,KOSDAQ
바이오비쥬,489460.KQ,KOSDAQ
싸이맥스,160980.KQ,KOSDAQ
한국석유,004090.KS,KOSPI
유비쿼스홀딩스,078070.KQ,KOSDAQ
시지메드텍,056090.KQ,KOSDAQ
대창단조,015230.KS,KOSPI
에스앤디,260970.KQ,KOSDAQ
삼성제약,001360.KS,KOSPI
일진다이아,081000.KS,KOSPI
마크로젠,038290.KQ,KOSDAQ
경농,002100.KS,KOSPI
제이엘케이,322510.KQ,KOSDAQ
쿼드메디슨,464490.KQ,KOSDAQ
현대사료,016790.KQ,KOSDAQ
소룩스,290690.KQ,KOSDAQ
이크레더블,092130.KQ,KOSDAQ
엠디바이스,226590.KQ,KOSDAQ
제닉,123330.KQ,KOSDAQ
삼양패키징,272550.KS,KOSPI
좋은사람들,033340.KQ,KOSDAQ
톱텍,108230.KQ,KOSDAQ
CJ제일제당 우,097955.KS,KOSPI
퀄리타스반도체,432720.KQ,KOSDAQ
KBI동양철관,008970.KS,KOSPI
유비쿼스,264450.KQ,KOSDAQ
화승인더,006060.KS,KOSPI
씨앤지하이테크,264660.KQ,KOSDAQ
하나제약,293480.KS,KOSPI
탑런토탈솔루션,336680.KQ,KOSDAQ
NH올원리츠,400760.KS,KOSPI
신세계푸드,031440.KS,KOSPI
금강공업,014280.KS,KOSPI
새빗켐,107600.KQ,KOSDAQ
이구산업,025820.KS,KOSPI
바이오솔루션,086820.KQ,KOSDAQ
이엔셀,456070.KQ,KOSDAQ
우양에이치씨,101970.KQ,KOSDAQ
삼보모터스,053700.KQ,KOSDAQ
LG헬로비전,037560.KS,KOSPI
옵티코어,380540.KQ,KOSDAQ
한선엔지니어링,452280.KQ,KOSDAQ
LK삼양,225190.KQ,KOSDAQ
LS티라유텍,322180.KQ,KOSDAQ
자이에스앤디,317400.KS,KOSPI
나노엔텍,039860.KQ,KOSDAQ
라온텍,418420.KQ,KOSDAQ
웅진,016880.KS,KOSPI
롯데하이마트,071840.KS,KOSPI
아톤,158430.KQ,KOSDAQ
엔비알모션,0004V0.KQ,KOSDAQ
코텍,052330.KQ,KOSDAQ
대한약품,023910.KQ,KOSDAQ
나인테크,267320.KQ,KOSDAQ
한솔테크닉스,004710.KS,KOSPI
삼양통상,002170.KS,KOSPI
세경하이테크,148150.KQ,KOSDAQ
DH오토넥스,000300.KS,KOSPI
센서뷰,321370.KQ,KOSDAQ
신원,009270.KS,KOSPI
젝시믹스,337930.KQ,KOSDAQ
탑머티리얼,360070.KQ,KOSDAQ
삼영엠텍,054540.KQ,KOSDAQ
유화증권,003460.KS,KOSPI
경동제약,011040.KQ,KOSDAQ
킵스파마,256940.KQ,KOSDAQ
진원생명과학,011000.KS,KOSPI
멀티캠퍼스,067280.KQ,KOSDAQ
동양고속,084670.KS,KOSPI
일승,333430.KQ,KOSDAQ
동화약품,000020.KS,KOSPI
지투파워,388050.KQ,KOSDAQ
대주산업,003310.KQ,KOSDAQ
마이크로컨텍솔,098120.KQ,KOSDAQ
티케이케미칼,104480.KQ,KOSDAQ
진양홀딩스,100250.KS,KOSPI
녹십자웰빙,234690.KQ,KOSDAQ
동방메디컬,240550.KQ,KOSDAQ
현대ADM,187660.KQ,KOSDAQ
사람인,143240.KQ,KOSDAQ
남선알미늄,008350.KS,KOSPI
아모레퍼시픽홀딩스3우C,00279K.KS,KOSPI
나우IB,293580.KQ,KOSDAQ
노루페인트,090350.KS,KOSPI
와이솔,122990.KQ,KOSDAQ
YTN,040300.KQ,KOSDAQ
조선내화,462520.KS,KOSPI
새로닉스,042600.KQ,KOSDAQ
모나용평,070960.KS,KOSPI
케이엔솔,053080.KQ,KOSDAQ
씨에스베어링,297090.KQ,KOSDAQ
인피니트헬스케어,071200.KQ,KOSDAQ
푸른저축은행,007330.KQ,KOSDAQ
마이크로디지탈,305090.KQ,KOSDAQ
한세예스24홀딩스,016450.KS,KOSPI
쇼박스,086980.KQ,KOSDAQ
한국화장품,123690.KS,KOSPI
티움바이오,321550.KQ,KOSDAQ
세아특수강,019440.KS,KOSPI
HDC현대EP,089470.KS,KOSPI
저스템,417840.KQ,KOSDAQ
제닉스로보틱스,381620.KQ,KOSDAQ
국보디자인,066620.KQ,KOSDAQ
금호건설,002990.KS,KOSPI
현대에버다임,041440.KQ,KOSDAQ
바이젠셀,308080.KQ,KOSDAQ
HB솔루션,297890.KQ,KOSDAQ
그래디언트,035080.KQ,KOSDAQ
조일알미늄,018470.KS,KOSPI
버킷스튜디오,066410.KQ,KOSDAQ
에스텍,069510.KQ,KOSDAQ
코다코,046070.KQ,KOSDAQ
한국무브넥스,010100.KS,KOSPI
미원홀딩스,107590.KS,KOSPI
퓨릿,445180.KQ,KOSDAQ
파세코,037070.KQ,KOSDAQ
지니언스,263860.KQ,KOSDAQ
대동전자,008110.KS,KOSPI
사조씨푸드,014710.KS,KOSPI
엠플러스,259630.KQ,KOSDAQ
드림시큐리티,203650.KQ,KOSDAQ
싸이토젠,217330.KQ,KOSDAQ
디와이피엔에프,104460.KQ,KOSDAQ
씨피시스템,413630.KQ,KOSDAQ
국전약품,307750.KQ,KOSDAQ
KX,122450.KQ,KOSDAQ
사조동아원,008040.KS,KOSPI
아모센스,357580.KQ,KOSDAQ
코아스템켐온,166480.KQ,KOSDAQ
한국주철관,000970.KS,KOSPI
오로라,039830.KQ,KOSDAQ
모다이노칩,080420.KQ,KOSDAQ
네오티스,085910.KQ,KOSDAQ
세보엠이씨,011560.KQ,KOSDAQ
경동인베스트,012320.KS,KOSPI
유수홀딩스,000700.KS,KOSPI
삼보판지,023600.KQ,KOSDAQ
모베이스,101330.KQ,KOSDAQ
동국씨엠,460850.KS,KOSPI
대한화섬,003830.KS,KOSPI
케이에스피,073010.KQ,KOSDAQ
오상헬스케어,036220.KQ,KOSDAQ
에프앤가이드,064850.KQ,KOSDAQ
아로마티카,0015N0.KQ,KOSDAQ
뉴프렉스,085670.KQ,KOSDAQ
디알텍,214680.KQ,KOSDAQ
다산네트웍스,039560.KQ,KOSDAQ
이엠코리아,095190.KQ,KOSDAQ
에이티넘인베스트,021080.KQ,KOSDAQ
디와이파워,210540.KS,KOSPI
한독,002390.KS,KOSPI
오성첨단소재,052420.KQ,KOSDAQ
KEC,092220.KS,KOSPI
원일티엔아이,136150.KQ,KOSDAQ
신라교역,004970.KS,KOSPI
아가방컴퍼니,013990.KQ,KOSDAQ
동신건설,025950.KQ,KOSDAQ
야스,255440.KQ,KOSDAQ
무림P&P,009580.KS,KOSPI
신영와코루,005800.KS,KOSPI
코데즈컴바인,047770.KQ,KOSDAQ
애니플러스,310200.KQ,KOSDAQ
디앤씨미디어,263720.KQ,KOSDAQ
켐트로스,220260.KQ,KOSDAQ
해성에어로보틱스,059270.KQ,KOSDAQ
에스와이,109610.KQ,KOSDAQ
대교,019680.KS,KOSPI
티앤알바이오팹,246710.KQ,KOSDAQ
미래컴퍼니,049950.KQ,KOSDAQ
드림씨아이에스,223250.KQ,KOSDAQ
한국제지,027970.KS,KOSPI
태림포장,011280.KS,KOSPI
세명전기,017510.KQ,KOSDAQ
한컴위드,054920.KQ,KOSDAQ
동국산업,005160.KQ,KOSDAQ
제룡산업,147830.KQ,KOSDAQ
엑셈,205100.KQ,KOSDAQ
효성화학,298000.KS,KOSPI
레몬,294140.KQ,KOSDAQ
와이즈넛,096250.KQ,KOSDAQ
효성ITX,094280.KS,KOSPI
동부건설,005960.KS,KOSPI
로체시스템즈,071280.KQ,KOSDAQ
코아시아,045970.KQ,KOSDAQ
원준,382840.KQ,KOSDAQ
그린케미칼,083420.KS,KOSPI
동아엘텍,088130.KQ,KOSDAQ
매일홀딩스,005990.KQ,KOSDAQ
고려신용정보,049720.KQ,KOSDAQ
티씨머티리얼즈,125020.KQ,KOSDAQ
샘표,007540.KS,KOSPI
KT나스미디어,089600.KQ,KOSDAQ
동구바이오제약,006620.KQ,KOSDAQ
하이텍팜,106190.KQ,KOSDAQ
블루엠텍,439580.KQ,KOSDAQ
한진중공업홀딩스,003480.KS,KOSPI
화천기계,010660.KS,KOSPI
DMS,068790.KQ,KOSDAQ
금양그린파워,282720.KQ,KOSDAQ
NICE인프라,063570.KQ,KOSDAQ
메타바이오메드,059210.KQ,KOSDAQ
선광,003100.KQ,KOSDAQ
바이오스마트,038460.KQ,KOSDAQ
에이엘티,172670.KQ,KOSDAQ
SV인베스트먼트,289080.KQ,KOSDAQ
메쎄이상,408920.KQ,KOSDAQ
텔코웨어,078000.KS,KOSPI
아우토크립트,331740.KQ,KOSDAQ
슈피겐코리아,192440.KQ,KOSDAQ
MDS테크,086960.KQ,KOSDAQ
코메론,049430.KQ,KOSDAQ
이지스레지던스리츠,350520.KS,KOSPI
광무,029480.KQ,KOSDAQ
팜스코,036580.KS,KOSPI
일신석재,007110.KS,KOSPI
티에이치엔,019180.KS,KOSPI
코칩,126730.KQ,KOSDAQ
태경산업,015890.KS,KOSPI
아스타,246720.KQ,KOSDAQ
디와이,013570.KS,KOSPI
엠에스오토텍,123040.KQ,KOSDAQ
넥써쓰,205500.KQ,KOSDAQ
NPC,004250.KS,KOSPI
두올,016740.KS,KOSPI
LB인베스트먼트,309960.KQ,KOSDAQ
빅솔론,093190.KQ,KOSDAQ
그린리소스,402490.KQ,KOSDAQ
아미노로직스,074430.KQ,KOSDAQ
이녹스,088390.KQ,KOSDAQ
지에프아이,493330.KQ,KOSDAQ
피앤에스로보틱스,460940.KQ,KOSDAQ
아이디스홀딩스,054800.KQ,KOSDAQ
양지사,030960.KQ,KOSDAQ
경보제약,214390.KS,KOSPI
엑세스바이오,950130.KQ,KOSDAQ
대성홀딩스,016710.KS,KOSPI
디씨엠,024090.KS,KOSPI
엠에스씨,009780.KQ,KOSDAQ
에코플라스틱,038110.KQ,KOSDAQ
윈스테크넷,136540.KQ,KOSDAQ
현대리바트,079430.KS,KOSPI
에프엔에스테크,083500.KQ,KOSDAQ
유니퀘스트,077500.KS,KOSPI
세이브존I&C,067830.KS,KOSPI
한신공영,004960.KS,KOSPI
HS애드,035000.KS,KOSPI
더블유에스아이,299170.KQ,KOSDAQ
콘텐트리중앙,036420.KS,KOSPI
모델솔루션,417970.KQ,KOSDAQ
쎄크,081180.KQ,KOSDAQ
샘표식품,248170.KS,KOSPI
컴투스홀딩스,063080.KQ,KOSDAQ
옵투스제약,131030.KQ,KOSDAQ
공구우먼,366030.KQ,KOSDAQ
한신기계,011700.KS,KOSPI
비엘팜텍,065170.KQ,KOSDAQ
서울바이오시스,092190.KQ,KOSDAQ
바이오에프디엔씨,251120.KQ,KOSDAQ
넥스트칩,396270.KQ,KOSDAQ
서울옥션,063170.KQ,KOSDAQ
삼익제약,014950.KQ,KOSDAQ
한솔홀딩스,004150.KS,KOSPI
시스웍,269620.KQ,KOSDAQ
특수건설,026150.KQ,KOSDAQ
농우바이오,054050.KQ,KOSDAQ
웅진씽크빅,095720.KS,KOSPI
메가스터디,072870.KQ,KOSDAQ
웹케시,053580.KQ,KOSDAQ
심텍홀딩스,036710.KQ,KOSDAQ
에스피시스템스,317830.KQ,KOSDAQ
일동홀딩스,000230.KS,KOSPI
유성티엔에스,024800.KQ,KOSDAQ
아진산업,013310.KQ,KOSDAQ
모비스,250060.KQ,KOSDAQ
유니트론텍,142210.KQ,KOSDAQ
셀바스헬스케어,208370.KQ,KOSDAQ
오르비텍,046120.KQ,KOSDAQ
그리드위즈,453450.KQ,KOSDAQ
아모텍,052710.KQ,KOSDAQ
에스엠코어,007820.KQ,KOSDAQ
랩지노믹스,084650.KQ,KOSDAQ
태경비케이,014580.KS,KOSPI
SK우,03473K.KS,KOSPI
신흥,004080.KS,KOSPI
미투온,201490.KQ,KOSDAQ
한국파마,032300.KQ,KOSDAQ
하이드로리튬,101670.KQ,KOSDAQ
세원정공,021820.KS,KOSPI
대봉엘에스,078140.KQ,KOSDAQ
에스피소프트,443670.KQ,KOSDAQ
제일파마홀딩스,002620.KS,KOSPI
팜스토리,027710.KQ,KOSDAQ
뉴엔AI,463020.KQ,KOSDAQ
경동도시가스,267290.KS,KOSPI
조선선재,120030.KS,KOSPI
한국수출포장,002200.KS,KOSPI
휴마시스,205470.KQ,KOSDAQ
디바이스,187870.KQ,KOSDAQ
KCC건설,021320.KQ,KOSDAQ
극동유화,014530.KS,KOSPI
알파칩스,117670.KQ,KOSDAQ
현대바이오랜드,052260.KQ,KOSDAQ
세아메카닉스,396300.KQ,KOSDAQ
나노,187790.KQ,KOSDAQ
아이로보틱스,066430.KQ,KOSDAQ
코스맥스비티아이,044820.KS,KOSPI
쎌바이오텍,049960.KQ,KOSDAQ
에이럭스,475580.KQ,KOSDAQ
화승코퍼레이션,013520.KS,KOSPI
이엠텍,091120.KQ,KOSDAQ
인트론바이오,048530.KQ,KOSDAQ
와이엔텍,067900.KQ,KOSDAQ
아바텍,149950.KQ,KOSDAQ
현대이지웰,090850.KQ,KOSDAQ
한일철강,002220.KS,KOSPI
HS화성,002460.KS,KOSPI
티와이홀딩스,363280.KS,KOSPI
도이치모터스,067990.KQ,KOSDAQ
우신시스템,017370.KS,KOSPI
오스테오닉,226400.KQ,KOSDAQ
알서포트,131370.KQ,KOSDAQ
대창,012800.KS,KOSPI
한국경제TV,039340.KQ,KOSDAQ
아이엠비디엑스,461030.KQ,KOSDAQ
지앤비에스 에코,382800.KQ,KOSDAQ
에이치엔에스하이텍,044990.KQ,KOSDAQ
네오오토,212560.KQ,KOSDAQ
폴라리스AI,039980.KQ,KOSDAQ
이지케어텍,099750.KQ,KOSDAQ
DKME,015590.KS,KOSPI
에스제이그룹,306040.KQ,KOSDAQ
SM C&C,048550.KQ,KOSDAQ
아주스틸,139990.KS,KOSPI
아이엘,307180.KQ,KOSDAQ
스마트레이더시스템,424960.KQ,KOSDAQ
대호에이엘,069460.KS,KOSPI
유아이엘,049520.KQ,KOSDAQ
동방,004140.KS,KOSPI
레뷰코퍼레이션,443250.KQ,KOSDAQ
케이엔에스,432470.KQ,KOSDAQ
한일사료,005860.KQ,KOSDAQ
휴니드,005870.KS,KOSPI
SBI인베스트먼트,019550.KQ,KOSDAQ
아시아나IDT,267850.KS,KOSPI
크레버스,096240.KQ,KOSDAQ
케이피에프,024880.KQ,KOSDAQ
비엠티,086670.KQ,KOSDAQ
선진뷰티사이언스,086710.KQ,KOSDAQ
KTcs,058850.KS,KOSPI
청담글로벌,362320.KQ,KOSDAQ
우리손에프앤지,073560.KQ,KOSDAQ
와이제이링크,209640.KQ,KOSDAQ
피제이전자,006140.KQ,KOSDAQ
키다리스튜디오,020120.KS,KOSPI
지어소프트,051160.KQ,KOSDAQ
마음AI,377480.KQ,KOSDAQ
아모그린텍,125210.KQ,KOSDAQ
우수AMS,066590.KQ,KOSDAQ
벽산,007210.KS,KOSPI
HL D&I,014790.KS,KOSPI
워트,396470.KQ,KOSDAQ
브이원텍,251630.KQ,KOSDAQ
플래스크,041590.KQ,KOSDAQ
KT밀리의서재,418470.KQ,KOSDAQ
더네이쳐홀딩스,298540.KQ,KOSDAQ
이지스,261520.KQ,KOSDAQ
퓨런티어,370090.KQ,KOSDAQ
테고사이언스,191420.KQ,KOSDAQ
금호에이치티,214330.KS,KOSPI
파로스아이바이오,388870.KQ,KOSDAQ
진로발효,018120.KQ,KOSDAQ
지아이에스,306620.KQ,KOSDAQ
위더스제약,330350.KQ,KOSDAQ
풍국주정,023900.KQ,KOSDAQ
DRB동일,004840.KS,KOSPI
케이알엠,093640.KQ,KOSDAQ
종근당바이오,063160.KS,KOSPI
현대코퍼레이션홀딩스,227840.KS,KOSPI
엣지파운드리,105550.KQ,KOSDAQ
티에스아이,277880.KQ,KOSDAQ
로젠,033290.KQ,KOSDAQ
인천도시가스,034590.KS,KOSPI
고바이오랩,348150.KQ,KOSDAQ
인지컨트롤스,023800.KS,KOSPI
디이엔티,079810.KQ,KOSDAQ
세운메디칼,100700.KQ,KOSDAQ
제이아이테크,417500.KQ,KOSDAQ
유니켐,011330.KS,KOSPI
초록뱀미디어,047820.KQ,KOSDAQ
JW신약,067290.KQ,KOSDAQ
광전자,017900.KS,KOSPI
대영포장,014160.KS,KOSPI
HLB바이오스텝,278650.KQ,KOSDAQ
진흥기업,002780.KS,KOSPI
동국생명과학,303810.KQ,KOSDAQ
빅텍,065450.KQ,KOSDAQ
수산세보틱스,017550.KS,KOSPI
인바이오젠,101140.KS,KOSPI
케이씨에스,115500.KQ,KOSDAQ
KT지니뮤직,043610.KQ,KOSDAQ
안국약품,001540.KQ,KOSDAQ
동남합성,023450.KS,KOSPI
STX,011810.KS,KOSPI
핑거,163730.KQ,KOSDAQ
네오이뮨텍,950220.KQ,KOSDAQ
HLB글로벌,003580.KS,KOSPI
엠투아이,347890.KQ,KOSDAQ
CJ 바이오사이언스,311690.KQ,KOSDAQ
유한양행우,000105.KS,KOSPI
동국S&C,100130.KQ,KOSDAQ
러셀,217500.KQ,KOSDAQ
이브이첨단소재,131400.KQ,KOSDAQ
일성건설,013360.KS,KOSPI
아비코전자,036010.KQ,KOSDAQ
하이로닉,149980.KQ,KOSDAQ
컴퍼니케이,307930.KQ,KOSDAQ
샌즈랩,411080.KQ,KOSDAQ
크라운제과,264900.KS,KOSPI
고스트스튜디오,950190.KQ,KOSDAQ
삼성공조,006660.KS,KOSPI
휴먼테크놀로지,175140.KQ,KOSDAQ
한빛레이저,452190.KQ,KOSDAQ
엠게임,058630.KQ,KOSDAQ
삼익악기,002450.KS,KOSPI
RF시스템즈,474610.KQ,KOSDAQ
엠오티,413390.KQ,KOSDAQ
페이퍼코리아,001020.KS,KOSPI
위지윅스튜디오,299900.KQ,KOSDAQ
티쓰리,204610.KQ,KOSDAQ
삼성출판사,068290.KS,KOSPI
스톤브릿지벤처스,330730.KQ,KOSDAQ
삼륭물산,014970.KQ,KOSDAQ
성창기업지주,000180.KS,KOSPI
성도이엔지,037350.KQ,KOSDAQ
태웅로직스,124560.KQ,KOSDAQ
솔본,035610.KQ,KOSDAQ
상상인,038540.KQ,KOSDAQ
HC보광산업,225530.KQ,KOSDAQ
지니너스,389030.KQ,KOSDAQ
테라젠이텍스,066700.KQ,KOSDAQ
팅크웨어,084730.KQ,KOSDAQ
모티브링크,463480.KQ,KOSDAQ
라온시큐어,042510.KQ,KOSDAQ
에이테크솔루션,071670.KQ,KOSDAQ
포니링크,064800.KQ,KOSDAQ
수젠텍,253840.KQ,KOSDAQ
코스텍시스,355150.KQ,KOSDAQ
코닉오토메이션,391710.KQ,KOSDAQ
엔지켐생명과학,183490.KQ,KOSDAQ
다원시스,068240.KQ,KOSDAQ
AK홀딩스,006840.KS,KOSPI
동아화성,041930.KQ,KOSDAQ
드림어스컴퍼니,060570.KQ,KOSDAQ
CJ씨푸드,011150.KS,KOSPI
황금에스티,032560.KS,KOSPI
중앙에너비스,000440.KQ,KOSDAQ
크라운해태홀딩스,005740.KS,KOSPI
알트,459550.KQ,KOSDAQ
미래에셋글로벌리츠,396690.KS,KOSPI
동일고무벨트,163560.KS,KOSPI
KC코트렐,119650.KS,KOSPI
삼아제약,009300.KQ,KOSDAQ
딥노이드,315640.KQ,KOSDAQ
아남전자,008700.KS,KOSPI
TP,007980.KS,KOSPI
라파스,214260.KQ,KOSDAQ
NI스틸,008260.KS,KOSPI
에이치피오,357230.KQ,KOSDAQ
에이치엠넥스,036170.KQ,KOSDAQ
SG세계물산,004060.KS,KOSPI
씨티씨바이오,060590.KQ,KOSDAQ
KTis,058860.KS,KOSPI
엔브이에이치코리아,067570.KQ,KOSDAQ
케이옥션,102370.KQ,KOSDAQ
신일전자,002700.KS,KOSPI
휴비츠,065510.KQ,KOSDAQ
엔에프씨,265740.KQ,KOSDAQ
디케이락,105740.KQ,KOSDAQ
삼기에너지솔루션즈,419050.KQ,KOSDAQ
대보마그네틱,290670.KQ,KOSDAQ
미스터블루,207760.KQ,KOSDAQ
휴비스,079980.KS,KOSPI
지아이텍,382480.KQ,KOSDAQ
이닉스,452400.KQ,KOSDAQ
코츠테크놀로지,448710.KQ,KOSDAQ
씨씨에스,066790.KQ,KOSDAQ
지엠비코리아,013870.KS,KOSPI
셀리드,299660.KQ,KOSDAQ
국제약품,002720.KS,KOSPI
에스트래픽,234300.KQ,KOSDAQ
GS우,078935.KS,KOSPI
대성파인텍,104040.KQ,KOSDAQ
리드코프,012700.KQ,KOSDAQ
온코크로스,382150.KQ,KOSDAQ
포바이포,389140.KQ,KOSDAQ
크레오에스지,040350.KQ,KOSDAQ
덱스터,206560.KQ,KOSDAQ
유라테크,048430.KQ,KOSDAQ
에이에스텍,453860.KQ,KOSDAQ
크리스탈신소재,900250.KQ,KOSDAQ
CG인바이츠,083790.KQ,KOSDAQ
비아트론,141000.KQ,KOSDAQ
서원인텍,093920.KQ,KOSDAQ
아셈스,136410.KQ,KOSDAQ
지오엘리먼트,311320.KQ,KOSDAQ
비트플래닛,049470.KQ,KOSDAQ
우리바이오,082850.KQ,KOSDAQ
조흥,002600.KS,KOSPI
에르코스,435570.KQ,KOSDAQ
CS홀딩스,000590.KS,KOSPI
이니텍,053350.KQ,KOSDAQ
아이비김영,339950.KQ,KOSDAQ
아미코젠,092040.KQ,KOSDAQ
에이프로젠바이오로직스,003060.KS,KOSPI
대한뉴팜,054670.KQ,KOSDAQ
삼호개발,010960.KS,KOSPI
포커스에이아이,331380.KQ,KOSDAQ
동일산업,004890.KS,KOSPI
가온그룹,078890.KQ,KOSDAQ
삼원강재,023000.KS,KOSPI
크리스에프앤씨,110790.KQ,KOSDAQ
대원미디어,048910.KQ,KOSDAQ
두산퓨얼셀1우,33626K.KS,KOSPI
아이에스티이,212710.KQ,KOSDAQ
스톰테크,352090.KQ,KOSDAQ
세원물산,024830.KQ,KOSDAQ
영보화학,014440.KS,KOSPI
대정화금,120240.KQ,KOSDAQ
제이스텍,090470.KQ,KOSDAQ
삐아,451250.KQ,KOSDAQ
씨케이솔루션,480370.KS,KOSPI
현대공업,170030.KQ,KOSDAQ
유일에너테크,340930.KQ,KOSDAQ
유니테크노,241690.KQ,KOSDAQ
KNN,058400.KQ,KOSDAQ
삼진식품,0013V0.KQ,KOSDAQ
팜젠사이언스,004720.KS,KOSPI
위닉스,044340.KQ,KOSDAQ
서한,011370.KQ,KOSDAQ
자이언트스텝,289220.KQ,KOSDAQ
푸른기술,094940.KQ,KOSDAQ
제일연마,001560.KS,KOSPI
파라택시스코리아,288330.KQ,KOSDAQ
대림바스,005750.KS,KOSPI
하이딥,365590.KQ,KOSDAQ
마이크로투나노,424980.KQ,KOSDAQ
노랑풍선,104620.KQ,KOSDAQ
중앙백신,072020.KQ,KOSDAQ
화천기공,000850.KS,KOSPI
정상제이엘에스,040420.KQ,KOSDAQ
동인기연,111380.KS,KOSPI
화일약품,061250.KQ,KOSDAQ
지슨,446840.KQ,KOSDAQ
리메드,302550.KQ,KOSDAQ
예스24,053280.KQ,KOSDAQ
아크솔루션스,203690.KQ,KOSDAQ
노을,376930.KQ,KOSDAQ
창해에탄올,004650.KQ,KOSDAQ
스튜디오미르,408900.KQ,KOSDAQ
NHN벅스,104200.KQ,KOSDAQ
위드텍,348350.KQ,KOSDAQ
화성밸브,039610.KQ,KOSDAQ
비트컴퓨터,032850.KQ,KOSDAQ
탑코미디어,134580.KQ,KOSDAQ
HC홈센타,060560.KQ,KOSDAQ
까뮤이앤씨,013700.KS,KOSPI
블랙야크아이앤씨,478560.KQ,KOSDAQ
케이엔더블유,105330.KQ,KOSDAQ
신신제약,002800.KQ,KOSDAQ
세종텔레콤,036630.KQ,KOSDAQ
인크로스,216050.KQ,KOSDAQ
제이엔케이글로벌,126880.KQ,KOSDAQ
내츄럴엔도텍,168330.KQ,KOSDAQ
코리아나,027050.KQ,KOSDAQ
에이치시티,072990.KQ,KOSDAQ
위츠,459100.KQ,KOSDAQ
부산산업,011390.KS,KOSPI
폴라리스AI파마,041910.KQ,KOSDAQ
나이스디앤비,130580.KQ,KOSDAQ
부국증권우,001275.KS,KOSPI
태양금속,004100.KS,KOSPI
태경케미컬,006890.KS,KOSPI
남화산업,111710.KQ,KOSDAQ
대성창투,027830.KQ,KOSDAQ
남광토건,001260.KS,KOSPI
영화테크,265560.KQ,KOSDAQ
샤페론,378800.KQ,KOSDAQ
와이엠텍,273640.KQ,KOSDAQ
링네트,042500.KQ,KOSDAQ
메가터치,446540.KQ,KOSDAQ
레이,228670.KQ,KOSDAQ
한울소재과학,091440.KQ,KOSDAQ
이건홀딩스,039020.KQ,KOSDAQ
큐라티스,348080.KQ,KOSDAQ
SK이노베이션우,096775.KS,KOSPI
세코닉스,053450.KQ,KOSDAQ
오파스넷,173130.KQ,KOSDAQ
팬스타엔터프라이즈,054300.KQ,KOSDAQ
엑스페릭스,317770.KQ,KOSDAQ
참좋은여행,094850.KQ,KOSDAQ
한국선재,025550.KQ,KOSDAQ
신테카바이오,226330.KQ,KOSDAQ
레이언스,228850.KQ,KOSDAQ
한국내화,010040.KS,KOSPI
나무기술,242040.KQ,KOSDAQ
지엘팜텍,204840.KQ,KOSDAQ
인성정보,033230.KQ,KOSDAQ
씨티케이,260930.KQ,KOSDAQ
인팩,023810.KS,KOSPI
키스트론,475430.KQ,KOSDAQ
에어레인,163280.KQ,KOSDAQ
정다운,208140.KQ,KOSDAQ
엔케이,085310.KS,KOSPI
녹십자엠에스,142280.KQ,KOSDAQ
위메이드플레이,123420.KQ,KOSDAQ
코렌텍,104540.KQ,KOSDAQ
HRS,036640.KQ,KOSDAQ
폴라리스세원,234100.KQ,KOSDAQ
NH프라임리츠,338100.KS,KOSPI
엔바이오니아,317870.KQ,KOSDAQ
센코,347000.KQ,KOSDAQ
셀루메드,049180.KQ,KOSDAQ
레이저옵텍,199550.KQ,KOSDAQ
삼정펄프,009770.KS,KOSPI
피제이메탈,128660.KQ,KOSDAQ
SGC E&C,016250.KQ,KOSDAQ
FSN,214270.KQ,KOSDAQ
트루엔,417790.KQ,KOSDAQ
아진엑스텍,059120.KQ,KOSDAQ
시공테크,020710.KQ,KOSDAQ
APS,054620.KQ,KOSDAQ
KX하이텍,052900.KQ,KOSDAQ
세토피아,222810.KQ,KOSDAQ
한국특강,007280.KS,KOSPI
에이텍,045660.KQ,KOSDAQ
아이큐어,175250.KQ,KOSDAQ
퀀타매트릭스,317690.KQ,KOSDAQ
제이스코홀딩스,023440.KQ,KOSDAQ
제일엠앤에스,412540.KQ,KOSDAQ
무림페이퍼,009200.KS,KOSPI
에너토크,019990.KQ,KOSDAQ
부방,014470.KQ,KOSDAQ
위지트,036090.KQ,KOSDAQ
모나리자,012690.KS,KOSPI
서남,294630.KQ,KOSDAQ
우리넷,115440.KQ,KOSDAQ
데이타솔루션,263800.KQ,KOSDAQ
신송홀딩스,006880.KS,KOSPI
유니크,011320.KQ,KOSDAQ
삼부토건,001470.KS,KOSPI
이엘씨,041520.KQ,KOSDAQ
진양산업,003780.KS,KOSPI
NPX,222160.KQ,KOSDAQ
사조오양,006090.KS,KOSPI
유비벨록스,089850.KQ,KOSDAQ
흥국에프엔비,189980.KQ,KOSDAQ
상상인증권,001290.KS,KOSPI
제이씨현시스템,033320.KQ,KOSDAQ
동방아그로,007590.KS,KOSPI
한솔로지스틱스,009180.KS,KOSPI
옵티팜,153710.KQ,KOSDAQ
아이엠티,451220.KQ,KOSDAQ
다보링크,340360.KQ,KOSDAQ
에이프로,262260.KQ,KOSDAQ
삼일씨엔에스,004440.KS,KOSPI
동방선기,099410.KQ,KOSDAQ
엔젯,419080.KQ,KOSDAQ
보락,002760.KS,KOSPI
아모레퍼시픽홀딩스우,002795.KS,KOSPI
다원넥스뷰,323350.KQ,KOSDAQ
잉크테크,049550.KQ,KOSDAQ
한화솔루션우,009835.KS,KOSPI
우원개발,046940.KQ,KOSDAQ
아이씨디,040910.KQ,KOSDAQ
비투엔,307870.KQ,KOSDAQ
한컴라이프케어,372910.KS,KOSPI
대창솔루션,096350.KQ,KOSDAQ
네오펙트,290660.KQ,KOSDAQ
대모,317850.KQ,KOSDAQ
우리산업,215360.KQ,KOSDAQ
더라미,032860.KQ,KOSDAQ
엠투엔,033310.KQ,KOSDAQ
덕우전자,263600.KQ,KOSDAQ
홈캐스트,064240.KQ,KOSDAQ
한일단조,024740.KQ,KOSDAQ
제너셈,217190.KQ,KOSDAQ
SDN,099220.KQ,KOSDAQ
티플랙스,081150.KQ,KOSDAQ
HLB제넥스,187420.KQ,KOSDAQ
한켐,457370.KQ,KOSDAQ
라이콤,388790.KQ,KOSDAQ
한국가구,004590.KQ,KOSDAQ
한국컴퓨터,054040.KQ,KOSDAQ
큐에스아이,066310.KQ,KOSDAQ
파워넷,037030.KQ,KOSDAQ
라이온켐텍,171120.KQ,KOSDAQ
인스코비,006490.KS,KOSPI
빛과전자,069540.KQ,KOSDAQ
이노메트리,302430.KQ,KOSDAQ
금강철강,053260.KQ,KOSDAQ
셀바이오휴먼텍,318160.KQ,KOSDAQ
덕성,004830.KS,KOSPI
푸드나무,290720.KQ,KOSDAQ
누리플렉스,040160.KQ,KOSDAQ
한국전자인증,041460.KQ,KOSDAQ
TJ미디어,032540.KQ,KOSDAQ
대림제지,017650.KQ,KOSDAQ
호전실업,111110.KS,KOSPI
HLB파나진,046210.KQ,KOSDAQ
SM Life Design,063440.KQ,KOSDAQ
서울리거,043710.KQ,KOSDAQ
인터지스,129260.KS,KOSPI
제로투세븐,159580.KQ,KOSDAQ
SG글로벌,001380.KS,KOSPI
서플러스글로벌,140070.KQ,KOSDAQ
소마젠,950200.KQ,KOSDAQ
SCL사이언스,246960.KQ,KOSDAQ
경창산업,024910.KQ,KOSDAQ
iMBC,052220.KQ,KOSDAQ
유신,054930.KQ,KOSDAQ
예림당,036000.KQ,KOSDAQ
와이엠씨,155650.KQ,KOSDAQ
티이엠씨씨엔에스,241790.KQ,KOSDAQ
현대에이치티,039010.KQ,KOSDAQ
3S,060310.KQ,KOSDAQ
윈팩,097800.KQ,KOSDAQ
유유제약,000220.KS,KOSPI
코오롱인더우,120115.KS,KOSPI
코어라인소프트,384470.KQ,KOSDAQ
시그네틱스,033170.KQ,KOSDAQ
아이티센씨티에스,031820.KS,KOSPI
하이스틸,071090.KS,KOSPI
로스웰,900260.KQ,KOSDAQ
오픈베이스,049480.KQ,KOSDAQ
동원금속,018500.KS,KOSPI
대현,016090.KS,KOSPI
제이씨케미칼,137950.KQ,KOSDAQ
삼양케이씨아이,036670.KQ,KOSDAQ
오리엔트정공,065500.KQ,KOSDAQ
경남스틸,039240.KQ,KOSDAQ
국순당,043650.KQ,KOSDAQ
이삭엔지니어링,351330.KQ,KOSDAQ
자이글,234920.KQ,KOSDAQ
대성하이텍,129920.KQ,KOSDAQ
인지소프트,100030.KQ,KOSDAQ
토마토시스템,393210.KQ,KOSDAQ
유투바이오,221800.KQ,KOSDAQ
HLB펩,196300.KQ,KOSDAQ
슈프리마에이치큐,094840.KQ,KOSDAQ
신스틸,162300.KQ,KOSDAQ
차백신연구소,261780.KQ,KOSDAQ
피엔케이피부임상연구센타,347740.KQ,KOSDAQ
진양제약,007370.KQ,KOSDAQ
DL이앤씨2우(전환),37550L.KS,KOSPI
앱튼,270520.KQ,KOSDAQ
깨끗한나라,004540.KS,KOSPI
지에스이,053050.KQ,KOSDAQ
현우산업,092300.KQ,KOSDAQ
테이팩스,055490.KS,KOSPI
아이디피,332370.KQ,KOSDAQ
상지건설,042940.KQ,KOSDAQ
아이티센엔텍,010280.KQ,KOSDAQ
DYP,092780.KS,KOSPI
동일금속,109860.KQ,KOSDAQ
혜인,003010.KS,KOSPI
조비,001550.KS,KOSPI
테라사이언스,073640.KQ,KOSDAQ
유니온,000910.KS,KOSPI
삼기,122350.KQ,KOSDAQ
팬젠,222110.KQ,KOSDAQ
백금T&A,046310.KQ,KOSDAQ
서울평가정보,036120.KQ,KOSDAQ
블리츠웨이엔터테인먼트,369370.KQ,KOSDAQ
신일제약,012790.KQ,KOSDAQ
코스맥스엔비티,222040.KQ,KOSDAQ
오리콤,010470.KQ,KOSDAQ
제이피아이헬스케어,0010V0.KQ,KOSDAQ
꿈비,407400.KQ,KOSDAQ
와이즈버즈,273060.KQ,KOSDAQ
에스퓨얼셀,288620.KQ,KOSDAQ
SG&G,040610.KQ,KOSDAQ
자연과환경,043910.KQ,KOSDAQ
엘컴텍,037950.KQ,KOSDAQ
모바일어플라이언스,087260.KQ,KOSDAQ
현대건설우,000725.KS,KOSPI
위너스,479960.KQ,KOSDAQ
SKAI,357880.KQ,KOSDAQ
브리지텍,064480.KQ,KOSDAQ
기신정기,092440.KS,KOSPI
원익큐브,014190.KQ,KOSDAQ
일신바이오,068330.KQ,KOSDAQ
케이사인,192250.KQ,KOSDAQ
디와이덕양,024900.KS,KOSPI
우듬지팜,403490.KQ,KOSDAQ
엠아이큐브솔루션,373170.KQ,KOSDAQ
삼현철강,017480.KQ,KOSDAQ
캐리소프트,317530.KQ,KOSDAQ
알체라,347860.KQ,KOSDAQ
일지테크,019540.KQ,KOSDAQ
프로티아,303360.KQ,KOSDAQ
화승알앤에이,378850.KS,KOSPI
NEW,160550.KQ,KOSDAQ
비상교육,100220.KS,KOSPI
디지틀조선,033130.KQ,KOSDAQ
대진첨단소재,393970.KQ,KOSDAQ
엔투텍,227950.KQ,KOSDAQ
구영테크,053270.KQ,KOSDAQ
노브랜드,145170.KQ,KOSDAQ
엔시스,333620.KQ,KOSDAQ
에스엠씨지,460870.KQ,KOSDAQ
액토즈소프트,052790.KQ,KOSDAQ
린드먼아시아,277070.KQ,KOSDAQ
에이스토리,241840.KQ,KOSDAQ
제이티,089790.KQ,KOSDAQ
남양유업우,003925.KS,KOSPI
솔디펜스,215090.KQ,KOSDAQ
모아라이프플러스,142760.KQ,KOSDAQ
이상네트웍스,080010.KQ,KOSDAQ
에스씨디,042110.KQ,KOSDAQ
TPC,048770.KQ,KOSDAQ
선바이오,067370.KQ,KOSDAQ
케이엘넷,039420.KQ,KOSDAQ
네오크레마,311390.KQ,KOSDAQ
조광페인트,004910.KS,KOSPI
덴티스,261200.KQ,KOSDAQ
다스코,058730.KS,KOSPI
오비고,352910.KQ,KOSDAQ
아스플로,159010.KQ,KOSDAQ
케이비아이동국실업,001620.KS,KOSPI
롯데칠성우,005305.KS,KOSPI
옵트론텍,082210.KQ,KOSDAQ
지에프씨생명과학,388610.KQ,KOSDAQ
한성크린텍,066980.KQ,KOSDAQ
전방,000950.KS,KOSPI
M83,476080.KQ,KOSDAQ
링크제니시스,219420.KQ,KOSDAQ
인지디스플레,037330.KQ,KOSDAQ
에쓰씨엔지니어링,023960.KS,KOSPI
케어랩스,263700.KQ,KOSDAQ
화인써키트,127980.KQ,KOSDAQ
오리엔트바이오,002630.KS,KOSPI
강동씨앤엘,198440.KQ,KOSDAQ
우리로,046970.KQ,KOSDAQ
미래에셋맵스리츠,357250.KS,KOSPI
유니온머티리얼,047400.KS,KOSPI
한울반도체,320000.KQ,KOSDAQ
희림,037440.KQ,KOSDAQ
해성옵틱스,076610.KQ,KOSDAQ
DSR,155660.KS,KOSPI
에스넷,038680.KQ,KOSDAQ
아이진,185490.KQ,KOSDAQ
에코캡,128540.KQ,KOSDAQ
미래생명자원,218150.KQ,KOSDAQ
인디에프,014990.KS,KOSPI
광명전기,017040.KS,KOSPI
고려산업,002140.KS,KOSPI
쎄노텍,222420.KQ,KOSDAQ
한국비티비,219750.KQ,KOSDAQ
와이어블,065530.KQ,KOSDAQ
엑스플러스,373200.KQ,KOSDAQ
TS인베스트먼트,246690.KQ,KOSDAQ
웨이브일렉트로,095270.KQ,KOSDAQ
탑엔지니어링,065130.KQ,KOSDAQ
제이엔비,452160.KQ,KOSDAQ
푸드웰,005670.KQ,KOSDAQ
엔젠바이오,354200.KQ,KOSDAQ
휴림에이텍,078590.KQ,KOSDAQ
텔콘RF제약,200230.KQ,KOSDAQ
오상자이엘,053980.KQ,KOSDAQ
소노스퀘어,007720.KQ,KOSDAQ
서진오토모티브,122690.KQ,KOSDAQ
비아이매트릭스,413640.KQ,KOSDAQ
서암기계공업,100660.KQ,KOSDAQ
이오플로우,294090.KQ,KOSDAQ
얼라인드,238120.KQ,KOSDAQ
명문제약,017180.KS,KOSPI
삼화왕관,004450.KS,KOSPI
유엔젤,072130.KS,KOSPI
성안머티리얼스,011300.KS,KOSPI
수산아이앤티,050960.KQ,KOSDAQ
사이냅소프트,466410.KQ,KOSDAQ
KBI메탈,024840.KQ,KOSDAQ
제일바이오,052670.KQ,KOSDAQ
알리코제약,260660.KQ,KOSDAQ
디알젬,263690.KQ,KOSDAQ
우리산업홀딩스,072470.KQ,KOSDAQ
티비씨,033830.KQ,KOSDAQ
흥국,010240.KQ,KOSDAQ
데이원컴퍼니,373160.KQ,KOSDAQ
와이랩,432430.KQ,KOSDAQ
제노레이,122310.KQ,KOSDAQ
파라텍,033540.KQ,KOSDAQ
셀로맥스사이언스,471820.KQ,KOSDAQ
픽셀플러스,087600.KQ,KOSDAQ
에이아이코리아,364950.KQ,KOSDAQ
새론오토모티브,075180.KS,KOSPI
코콤,015710.KQ,KOSDAQ
쎄니트,037760.KQ,KOSDAQ
다산디엠씨,208860.KQ,KOSDAQ
디와이디,219550.KQ,KOSDAQ
대양금속,009190.KS,KOSPI
SK케미칼우,28513K.KS,KOSPI
화인베스틸,133820.KS,KOSPI
산돌,419120.KQ,KOSDAQ
민테크,452200.KQ,KOSDAQ
메이슨캐피탈,021880.KQ,KOSDAQ
알비더블유,361570.KQ,KOSDAQ
서원,021050.KS,KOSPI
TS트릴리온,317240.KQ,KOSDAQ
뉴온,123840.KQ,KOSDAQ
알피바이오,314140.KQ,KOSDAQ
DGI,099520.KQ,KOSDAQ
멤레이비티,072770.KQ,KOSDAQ
비트맥스,377030.KQ,KOSDAQ
씨아이테크,004920.KS,KOSPI
미래산업,025560.KS,KOSPI
신라섬유,001000.KQ,KOSDAQ
써니전자,004770.KS,KOSPI
한국첨단소재,062970.KQ,KOSDAQ
아티스트컴퍼니,321820.KQ,KOSDAQ
SJM,123700.KS,KOSPI
포인트엔지니어링,256630.KQ,KOSDAQ
에프엔씨엔터,173940.KQ,KOSDAQ
EDGC,245620.KQ,KOSDAQ
대륙제관,004780.KQ,KOSDAQ
스테이지원엔터,078860.KQ,KOSDAQ
그린생명과학,114450.KQ,KOSDAQ
HB인베스트먼트,440290.KQ,KOSDAQ
원바이오젠,307280.KQ,KOSDAQ
원풍,008370.KQ,KOSDAQ
서울식품,004410.KS,KOSPI
상신브레이크,041650.KS,KOSPI
DSR제강,069730.KS,KOSPI
금호전기,001210.KS,KOSPI
씨티알모빌리티,308170.KS,KOSPI
키이스트,054780.KQ,KOSDAQ
보해양조,000890.KS,KOSPI
알에프텍,061040.KQ,KOSDAQ
이글루,067920.KQ,KOSDAQ
머큐리,100590.KQ,KOSDAQ
유라클,088340.KQ,KOSDAQ
평화홀딩스,010770.KS,KOSPI
서린바이오,038070.KQ,KOSDAQ
엠젠솔루션,032790.KQ,KOSDAQ
태양,053620.KQ,KOSDAQ
베노티앤알,206400.KQ,KOSDAQ
씨앤투스,352700.KQ,KOSDAQ
덕신이피씨,090410.KQ,KOSDAQ
나라엠앤디,051490.KQ,KOSDAQ
우성,006980.KS,KOSPI
아이앤씨,052860.KQ,KOSDAQ
신한글로벌액티브리츠,481850.KS,KOSPI
THE CUBE&,013720.KQ,KOSDAQ
디티씨,066670.KQ,KOSDAQ
하츠,066130.KQ,KOSDAQ
와이엠,007530.KQ,KOSDAQ
유성기업,002920.KS,KOSPI
동우팜투테이블,088910.KQ,KOSDAQ
에스디생명공학,217480.KQ,KOSDAQ
삼천리자전거,024950.KQ,KOSDAQ
유안타증권우,003475.KS,KOSPI
티사이언티픽,057680.KQ,KOSDAQ
쓰리에이로직스,177900.KQ,KOSDAQ
포시에스,189690.KQ,KOSDAQ
한국팩키지,037230.KQ,KOSDAQ
램테크놀러지,171010.KQ,KOSDAQ
SB성보,003080.KS,KOSPI
뱅크웨어글로벌,199480.KQ,KOSDAQ
그린플러스,186230.KQ,KOSDAQ
플레이디,237820.KQ,KOSDAQ
아이크래프트,052460.KQ,KOSDAQ
일월지엠엘,178780.KQ,KOSDAQ
코아스,071950.KS,KOSPI
보라티알,250000.KQ,KOSDAQ
제이에스티나,026040.KQ,KOSDAQ
대구백화점,006370.KS,KOSPI
선도전기,007610.KS,KOSPI
지더블유바이텍,036180.KQ,KOSDAQ
포메탈,119500.KQ,KOSDAQ
코디,080530.KQ,KOSDAQ
나래나노텍,137080.KQ,KOSDAQ
아티스트스튜디오,200350.KQ,KOSDAQ
SGA솔루션즈,184230.KQ,KOSDAQ
SJM홀딩스,025530.KS,KOSPI
BYC우,001465.KS,KOSPI
캐프,198080.KQ,KOSDAQ
와토스코리아,079000.KQ,KOSDAQ
제일테크노스,038010.KQ,KOSDAQ
범양건영,002410.KS,KOSPI
이글벳,044960.KQ,KOSDAQ
삼화전자,011230.KS,KOSPI
앱토크롬,109960.KQ,KOSDAQ
에이비프로바이오,195990.KQ,KOSDAQ
대원,007680.KQ,KOSDAQ
에코볼트,097780.KQ,KOSDAQ
엔텔스,069410.KQ,KOSDAQ
하이즈항공,221840.KQ,KOSDAQ
유에스티,263770.KQ,KOSDAQ
갤럭시아에스엠,011420.KS,KOSPI
포스뱅크,105760.KQ,KOSDAQ
신화인터텍,056700.KQ,KOSDAQ
효성오앤비,097870.KQ,KOSDAQ
동일기연,032960.KQ,KOSDAQ
아진전자부품,009320.KS,KOSPI
티웨이홀딩스,004870.KS,KOSPI
네이블,153460.KQ,KOSDAQ
아이에이,038880.KQ,KOSDAQ
EG,037370.KQ,KOSDAQ
티디에스팜,464280.KQ,KOSDAQ
평화산업,090080.KS,KOSPI
에스코넥,096630.KQ,KOSDAQ
이건산업,008250.KS,KOSPI
파이오링크,170790.KQ,KOSDAQ
메타케어,118000.KS,KOSPI
알에프세미,096610.KQ,KOSDAQ
리튬포어스,073570.KQ,KOSDAQ
형지엘리트,093240.KS,KOSPI
에이텍모빌리티,224110.KQ,KOSDAQ
비씨월드제약,200780.KQ,KOSDAQ
트윔,290090.KQ,KOSDAQ
큐캐피탈,016600.KQ,KOSDAQ
토탈소프트,045340.KQ,KOSDAQ
화신정공,126640.KQ,KOSDAQ
영림원소프트랩,060850.KQ,KOSDAQ
옴니시스템,057540.KQ,KOSDAQ
모비데이즈,363260.KQ,KOSDAQ
모아텍,033200.KQ,KOSDAQ
씨유테크,376290.KQ,KOSDAQ
상신전자,263810.KQ,KOSDAQ
씨엔알리서치,359090.KQ,KOSDAQ
마니커,027740.KS,KOSPI
PN풍년,024940.KQ,KOSDAQ
나노실리칸첨단소재,286750.KQ,KOSDAQ
진매트릭스,109820.KQ,KOSDAQ
경남제약,053950.KQ,KOSDAQ
차이커뮤니케이션,351870.KQ,KOSDAQ
우양,103840.KQ,KOSDAQ
사토시홀딩스,223310.KQ,KOSDAQ
DH오토웨어,025440.KQ,KOSDAQ
블루콤,033560.KQ,KOSDAQ
인스피언,465480.KQ,KOSDAQ
우진플라임,049800.KS,KOSPI
한국종합기술,023350.KS,KOSPI
파루,043200.KQ,KOSDAQ
인스웨이브,450520.KQ,KOSDAQ
코리아에셋투자증권,190650.KQ,KOSDAQ
영화금속,012280.KS,KOSPI
금비,008870.KS,KOSPI
피엔에이치테크,239890.KQ,KOSDAQ
웨이버스,336060.KQ,KOSDAQ
인포뱅크,039290.KQ,KOSDAQ
코위버,056360.KQ,KOSDAQ
SK디스커버리우,006125.KS,KOSPI
한솔홈데코,025750.KS,KOSPI
이미지스,115610.KQ,KOSDAQ
누보,332290.KQ,KOSDAQ
프로이천,321260.KQ,KOSDAQ
옵티시스,109080.KQ,KOSDAQ
승일,049830.KQ,KOSDAQ
케일럼,258610.KQ,KOSDAQ
한싹,430690.KQ,KOSDAQ
대유에이텍,002880.KS,KOSPI
DL이앤씨우,37550K.KS,KOSPI
유니온바이오메트릭스,203450.KQ,KOSDAQ
마스턴프리미어리츠,357430.KS,KOSPI
아이언디바이스,464500.KQ,KOSDAQ
유디엠텍,389680.KQ,KOSDAQ
아이빔테크놀로지,460470.KQ,KOSDAQ
코스나인,082660.KQ,KOSDAQ
팬엔터테인먼트,068050.KQ,KOSDAQ
제이투케이바이오,420570.KQ,KOSDAQ
시큐레터,418250.KQ,KOSDAQ
하스,450330.KQ,KOSDAQ
유화증권우,003465.KS,KOSPI
영흥,012160.KS,KOSPI
라메디텍,462510.KQ,KOSDAQ
국영지앤엠,006050.KQ,KOSDAQ
팸텍,271830.KQ,KOSDAQ
프리시젼바이오,335810.KQ,KOSDAQ
에스지헬스케어,398120.KQ,KOSDAQ
엑스큐어,070300.KQ,KOSDAQ
크라우드웍스,355390.KQ,KOSDAQ
케이엠,083550.KQ,KOSDAQ
영우디에스피,143540.KQ,KOSDAQ
아이비젼웍스,469750.KQ,KOSDAQ
닷밀,464580.KQ,KOSDAQ
비큐AI,148780.KQ,KOSDAQ
YBM넷,057030.KQ,KOSDAQ
케이씨티,089150.KQ,KOSDAQ
일진디스플,020760.KS,KOSPI
케이지에이,455180.KQ,KOSDAQ
웰크론,065950.KQ,KOSDAQ
율촌,146060.KQ,KOSDAQ
피코그램,376180.KQ,KOSDAQ
캔버스엔,210120.KQ,KOSDAQ
상보,027580.KQ,KOSDAQ
에쎈테크,043340.KQ,KOSDAQ
코맥스,036690.KQ,KOSDAQ
알로이스,297570.KQ,KOSDAQ
빛샘전자,072950.KQ,KOSDAQ
삼일기업공사,002290.KQ,KOSDAQ
블루산업개발,006740.KS,KOSPI
미트박스,475460.KQ,KOSDAQ
인산가,277410.KQ,KOSDAQ
라온피플,300120.KQ,KOSDAQ
케이씨피드,025880.KQ,KOSDAQ
알파AI,043100.KQ,KOSDAQ
모니터랩,434480.KQ,KOSDAQ
싸이버원,356890.KQ,KOSDAQ
진양화학,051630.KS,KOSPI
서연탑메탈,019770.KQ,KOSDAQ
피엠티,147760.KQ,KOSDAQ
마니커에프앤지,195500.KQ,KOSDAQ
티엔엔터테인먼트,131100.KQ,KOSDAQ
이화산업,000760.KS,KOSPI
손오공,066910.KQ,KOSDAQ
엘엠에스,073110.KQ,KOSDAQ
삼화네트웍스,046390.KQ,KOSDAQ
YW,051390.KQ,KOSDAQ
에코바이오,038870.KQ,KOSDAQ
제이엠티,094970.KQ,KOSDAQ
오브젠,417860.KQ,KOSDAQ
메가엠디,133750.KQ,KOSDAQ
오아,342870.KQ,KOSDAQ
고려제약,014570.KQ,KOSDAQ
대창스틸,140520.KQ,KOSDAQ
피엔티엠에스,257370.KQ,KOSDAQ
누리플랜,069140.KQ,KOSDAQ
STX그린로지스,465770.KS,KOSPI
핸디소프트,220180.KQ,KOSDAQ
에이루트,096690.KQ,KOSDAQ
파수,150900.KQ,KOSDAQ
케이탑리츠,145270.KS,KOSPI
육일씨엔에쓰,191410.KQ,KOSDAQ
뉴트리,270870.KQ,KOSDAQ
기가레인,049080.KQ,KOSDAQ
아이윈플러스,123010.KQ,KOSDAQ
아세아텍,050860.KQ,KOSDAQ
오텍,067170.KQ,KOSDAQ
에스켐,475660.KQ,KOSDAQ
위세아이텍,065370.KQ,KOSDAQ
코리아써우,007815.KS,KOSPI
한독크린텍,256150.KQ,KOSDAQ
캡스톤파트너스,452300.KQ,KOSDAQ
신풍제약우,019175.KS,KOSPI
포인트모바일,318020.KQ,KOSDAQ
에이치엘사이언스,239610.KQ,KOSDAQ
디에이피,066900.KQ,KOSDAQ
압타머사이언스,291650.KQ,KOSDAQ
코아시아씨엠,196450.KQ,KOSDAQ
심플랫폼,444530.KQ,KOSDAQ
메타랩스,090370.KS,KOSPI
주성코퍼레이션,109070.KS,KOSPI
이엠넷,123570.KQ,KOSDAQ
케이디켐,221980.KQ,KOSDAQ
남화토건,091590.KQ,KOSDAQ
시선AI,340810.KQ,KOSDAQ
헝셩그룹,900270.KQ,KOSDAQ
씨큐브,101240.KQ,KOSDAQ
폴라리스우노,114630.KQ,KOSDAQ
파인테크닉스,106240.KQ,KOSDAQ
디케이앤디,263020.KQ,KOSDAQ
한화투자증권우,003535.KS,KOSPI
한네트,052600.KQ,KOSDAQ
이스트에이드,239340.KQ,KOSDAQ
DH오토리드,290120.KQ,KOSDAQ
프롬바이오,377220.KQ,KOSDAQ
문배철강,008420.KS,KOSPI
버넥트,438700.KQ,KOSDAQ
위즈코프,038620.KQ,KOSDAQ
앱코,129890.KQ,KOSDAQ
오토앤,353590.KQ,KOSDAQ
성우전자,081580.KQ,KOSDAQ
엑시큐어하이트론,019490.KS,KOSPI
바이오톡스텍,086040.KQ,KOSDAQ
성문전자,014910.KS,KOSPI
KB오토시스,024120.KQ,KOSDAQ
부국철강,026940.KS,KOSPI
프리엠스,053160.KQ,KOSDAQ
자비스,254120.KQ,KOSDAQ
동국알앤에스,075970.KQ,KOSDAQ
에이전트AI,060900.KQ,KOSDAQ
시디즈,134790.KS,KOSPI
씨이랩,189330.KQ,KOSDAQ
케이피엠테크,042040.KQ,KOSDAQ
DL우,000215.KS,KOSPI
그리티,204020.KQ,KOSDAQ
CNT85,056730.KQ,KOSDAQ
파인메딕스,387570.KQ,KOSDAQ
캠시스,050110.KQ,KOSDAQ
뷰티스킨,406820.KQ,KOSDAQ
오션인더블유,052300.KQ,KOSDAQ
아이즈비전,031310.KQ,KOSDAQ
신한제11호스팩,452980.KQ,KOSDAQ
인크레더블버즈,064090.KQ,KOSDAQ
비비씨,318410.KQ,KOSDAQ
오공,045060.KQ,KOSDAQ
플레이그램,009810.KS,KOSPI
진바이오텍,086060.KQ,KOSDAQ
신원종합개발,017000.KQ,KOSDAQ
바이브컴퍼니,301300.KQ,KOSDAQ
서전기전,189860.KQ,KOSDAQ
넥스턴앤롤코리아,089140.KQ,KOSDAQ
휴맥스,115160.KQ,KOSDAQ
플랜티넷,075130.KQ,KOSDAQ
이렘,009730.KQ,KOSDAQ
SH에너지화학,002360.KS,KOSPI
우정바이오,215380.KQ,KOSDAQ
신풍,002870.KS,KOSPI
씨유메디칼,115480.KQ,KOSDAQ
카티스,140430.KQ,KOSDAQ
웹스,196700.KQ,KOSDAQ
파버나인,177830.KQ,KOSDAQ
브레인즈컴퍼니,099390.KQ,KOSDAQ
이루온,065440.KQ,KOSDAQ
부산주공,005030.KS,KOSPI
스페코,013810.KQ,KOSDAQ
아시아경제,127710.KQ,KOSDAQ
세림B&G,340440.KQ,KOSDAQ
대신정보통신,020180.KQ,KOSDAQ
KBG,318000.KQ,KOSDAQ
에스씨엠생명과학,298060.KQ,KOSDAQ
THE E&M,089230.KQ,KOSDAQ
KR모터스,000040.KS,KOSPI
KS인더스트리,101000.KQ,KOSDAQ
휴엠앤씨,263920.KQ,KOSDAQ
앤디포스,238090.KQ,KOSDAQ
애드포러스,397810.KQ,KOSDAQ
이엔플러스,074610.KS,KOSPI
오늘이엔엠,192410.KQ,KOSDAQ
한국큐빅,021650.KQ,KOSDAQ
젠큐릭스,229000.KQ,KOSDAQ
케이쓰리아이,431190.KQ,KOSDAQ
체리부로,066360.KQ,KOSDAQ
테크엘,064520.KQ,KOSDAQ
캐스텍코리아,071850.KQ,KOSDAQ
아이컴포넌트,059100.KQ,KOSDAQ
모헨즈,006920.KQ,KOSDAQ
네오리진,094860.KQ,KOSDAQ
코셈,360350.KQ,KOSDAQ
피델릭스,032580.KQ,KOSDAQ
GH신소재,130500.KQ,KOSDAQ
피앤씨테크,237750.KQ,KOSDAQ
컬러레이,900310.KQ,KOSDAQ
ES큐브,050120.KQ,KOSDAQ
썸에이지,208640.KQ,KOSDAQ
신화콘텍,187270.KQ,KOSDAQ
인콘,083640.KQ,KOSDAQ
아이퀘스트,262840.KQ,KOSDAQ
엔피,291230.KQ,KOSDAQ
디에이테크놀로지,196490.KQ,KOSDAQ
휴네시온,290270.KQ,KOSDAQ
뉴키즈온,462310.KQ,KOSDAQ
씨싸이트,109670.KQ,KOSDAQ
이화공영,001840.KQ,KOSDAQ
엠브레인,169330.KQ,KOSDAQ
카이노스메드,284620.KQ,KOSDAQ
이노뎁,303530.KQ,KOSDAQ
셀피글로벌,068940.KQ,KOSDAQ
원일특강,012620.KQ,KOSDAQ
힘스,238490.KQ,KOSDAQ
이노시뮬레이션,274400.KQ,KOSDAQ
케이바이오,038530.KQ,KOSDAQ
유틸렉스,263050.KQ,KOSDAQ
프럼파스트,035200.KQ,KOSDAQ
오픈놀,440320.KQ,KOSDAQ
윙입푸드,900340.KQ,KOSDAQ
대한과학,131220.KQ,KOSDAQ
동양파일,228340.KQ,KOSDAQ
제놀루션,225220.KQ,KOSDAQ
엔에이치스팩29호,451700.KQ,KOSDAQ
대한방직,001070.KS,KOSPI
원티드랩,376980.KQ,KOSDAQ
알톤,123750.KQ,KOSDAQ
셀레믹스,331920.KQ,KOSDAQ
아이지넷,462980.KQ,KOSDAQ
대동스틸,048470.KQ,KOSDAQ
글로본,019660.KQ,KOSDAQ
모나미,005360.KS,KOSPI
쏘닉스,088280.KQ,KOSDAQ
오디텍,080520.KQ,KOSDAQ
넥사다이내믹스,351320.KQ,KOSDAQ
솔루스첨단소재1우,33637K.KS,KOSPI
플래티어,367000.KQ,KOSDAQ
에스에이티,060540.KQ,KOSDAQ
진시스템,363250.KQ,KOSDAQ
소프트캠프,258790.KQ,KOSDAQ
세방우,004365.KS,KOSPI
윙스풋,335870.KQ,KOSDAQ
디티앤씨알오,383930.KQ,KOSDAQ
대덕전자1우,35320K.KS,KOSPI
부스타,008470.KQ,KOSDAQ
우리이앤엘,153490.KQ,KOSDAQ
파인텍,131760.KQ,KOSDAQ
아이티센피엔에스,232830.KQ,KOSDAQ
애드바이오텍,179530.KQ,KOSDAQ
엔비티,236810.KQ,KOSDAQ
서울제약,018680.KQ,KOSDAQ
한익스프레스,014130.KS,KOSPI
원림,005820.KS,KOSPI
한창산업,079170.KQ,KOSDAQ
코오롱우,002025.KS,KOSPI
레이저쎌,412350.KQ,KOSDAQ
오가닉티코스메틱,900300.KQ,KOSDAQ
티케이지애강,022220.KQ,KOSDAQ
대원화성,024890.KS,KOSPI
아센디오,012170.KS,KOSPI
바른손,018700.KQ,KOSDAQ
파인디앤씨,049120.KQ,KOSDAQ
나라셀라,405920.KQ,KOSDAQ
체시스,033250.KS,KOSPI
리더스코스메틱,016100.KQ,KOSDAQ
세화피앤씨,252500.KQ,KOSDAQ
신진에스엠,138070.KQ,KOSDAQ
바이오포트,188040.KQ,KOSDAQ
대림통상,006570.KS,KOSPI
경인전자,009140.KS,KOSPI
세우글로벌,013000.KS,KOSPI
동일제강,002690.KS,KOSPI
미래아이앤지,007120.KS,KOSPI
NE능률,053290.KQ,KOSDAQ
한성기업,003680.KS,KOSPI
조아제약,034940.KQ,KOSDAQ
알티캐스트,085810.KQ,KOSDAQ
삼진,032750.KQ,KOSDAQ
성창오토텍,080470.KQ,KOSDAQ
엔시트론,101400.KQ,KOSDAQ
유니드비티플러스,446070.KS,KOSPI
한국맥널티,222980.KQ,KOSDAQ
엔에이치스팩30호,466910.KQ,KOSDAQ
성우테크론,045300.KQ,KOSDAQ
미디어젠,279600.KQ,KOSDAQ
엑시온그룹,069920.KQ,KOSDAQ
라닉스,317120.KQ,KOSDAQ
한국전자홀딩스,006200.KS,KOSPI
에스에너지,095910.KQ,KOSDAQ
MH에탄올,023150.KS,KOSPI
한창제지,009460.KS,KOSPI
에코글로우,159910.KQ,KOSDAQ
케이웨더,068100.KQ,KOSDAQ
신시웨이,290560.KQ,KOSDAQ
루멘스,038060.KQ,KOSDAQ
더코디,224060.KQ,KOSDAQ
무림SP,001810.KQ,KOSDAQ
시큐브,131090.KQ,KOSDAQ
키네마스터,139670.KQ,KOSDAQ
온타이드,005320.KS,KOSPI
에이치와이티씨,148930.KQ,KOSDAQ
이원컴포텍,088290.KQ,KOSDAQ
에넥스,011090.KS,KOSPI
아이티아이즈,372800.KQ,KOSDAQ
포톤,208710.KQ,KOSDAQ
벡트,457600.KQ,KOSDAQ
핑거스토리,417180.KQ,KOSDAQ
에스엘에스바이오,246250.KQ,KOSDAQ
한빛소프트,047080.KQ,KOSDAQ
SUN&L,002820.KS,KOSPI
동일스틸럭스,023790.KQ,KOSDAQ
엠에프씨,432980.KQ,KOSDAQ
시지트로닉스,429270.KQ,KOSDAQ
형지글로벌,308100.KQ,KOSDAQ
솔트웨어,328380.KQ,KOSDAQ
모코엠시스,333050.KQ,KOSDAQ
두산퓨얼셀2우B,33626L.KS,KOSPI
세기상사,002420.KS,KOSPI
아이윈,090150.KQ,KOSDAQ
한일화학,007770.KQ,KOSDAQ
한화갤러리아우,45226K.KS,KOSPI
형지I&C,011080.KQ,KOSDAQ
디모아,016670.KQ,KOSDAQ
멕아이씨에스,058110.KQ,KOSDAQ
링크드,193250.KQ,KOSDAQ
웰크론한텍,076080.KQ,KOSDAQ
우진아이엔에스,010400.KS,KOSPI
이엠앤아이,083470.KQ,KOSDAQ
알엔투테크놀로지,148250.KQ,KOSDAQ
파인디지털,038950.KQ,KOSDAQ
남성,004270.KS,KOSPI
CSA 코스믹,083660.KQ,KOSDAQ
이씨에스,067010.KQ,KOSDAQ
기산텔레콤,035460.KQ,KOSDAQ
한세엠케이,069640.KS,KOSPI
아우딘퓨쳐스,227610.KQ,KOSDAQ
딜리,131180.KQ,KOSDAQ
제이케이시냅스,060230.KQ,KOSDAQ
에스앤더블류,103230.KQ,KOSDAQ
비츠로시스,054220.KQ,KOSDAQ
오스템,031510.KQ,KOSDAQ
디지캡,197140.KQ,KOSDAQ
동양에스텍,060380.KQ,KOSDAQ
디티앤씨,187220.KQ,KOSDAQ
수성웹툰,084180.KQ,KOSDAQ
피씨디렉트,051380.KQ,KOSDAQ
배럴,267790.KQ,KOSDAQ
롤링스톤,214610.KQ,KOSDAQ
엑셀세라퓨틱스,373110.KQ,KOSDAQ
정원엔시스,045510.KQ,KOSDAQ
삼보산업,009620.KQ,KOSDAQ
진양폴리,010640.KS,KOSPI
신도기연,290520.KQ,KOSDAQ
WISCOM,024070.KS,KOSPI
대성미생물,036480.KQ,KOSDAQ
모아데이타,288980.KQ,KOSDAQ
드림인사이트,362990.KQ,KOSDAQ
이지트로닉스,377330.KQ,KOSDAQ
서산,079650.KQ,KOSDAQ
동원수산,030720.KS,KOSPI
밸로프,331520.KQ,KOSDAQ
팜스빌,318010.KQ,KOSDAQ
제이엠아이,033050.KQ,KOSDAQ
티에스넥스젠,043220.KQ,KOSDAQ
풍강,093380.KQ,KOSDAQ
세종메디칼,258830.KQ,KOSDAQ
큐로홀딩스,051780.KQ,KOSDAQ
S&K폴리텍,091340.KQ,KOSDAQ
호텔신라우,008775.KS,KOSPI
KB제27호스팩,464680.KQ,KOSDAQ
아즈텍WB,032080.KQ,KOSDAQ
이노룰스,296640.KQ,KOSDAQ
지니틱스,303030.KQ,KOSDAQ
선샤인푸드,217620.KQ,KOSDAQ
에이에프더블류,312610.KQ,KOSDAQ
카스,016920.KQ,KOSDAQ
한창,005110.KS,KOSPI
유진테크놀로지,240600.KQ,KOSDAQ
모비릭스,348030.KQ,KOSDAQ
주연테크,044380.KS,KOSPI
한주라이트메탈,198940.KQ,KOSDAQ
대한항공우,003495.KS,KOSPI
아시아종묘,154030.KQ,KOSDAQ
동성제약,002210.KS,KOSPI
대호특수강,021040.KQ,KOSDAQ
E8,418620.KQ,KOSDAQ
플레이위드,023770.KQ,KOSDAQ
비스토스,419540.KQ,KOSDAQ
로지시스,067730.KQ,KOSDAQ
핀텔,291810.KQ,KOSDAQ
비비안,002070.KS,KOSPI
휴럼,353190.KQ,KOSDAQ
넥센타이어1우B,002355.KS,KOSPI
지란지교시큐리티,208350.KQ,KOSDAQ
한울앤제주,276730.KQ,KOSDAQ
진영,285800.KQ,KOSDAQ
소프트센,032680.KQ,KOSDAQ
코퍼스코리아,322780.KQ,KOSDAQ
티피씨글로벌,130740.KQ,KOSDAQ
에이텀,355690.KQ,KOSDAQ
TBH글로벌,084870.KS,KOSPI
핸즈코퍼레이션,143210.KS,KOSPI
조이웍스앤코,309930.KQ,KOSDAQ
스튜디오삼익,415380.KQ,KOSDAQ
한솔인티큐브,070590.KQ,KOSDAQ
넥스트아이,137940.KQ,KOSDAQ
뉴인텍,012340.KQ,KOSDAQ
진도,088790.KS,KOSPI
우리엔터프라이즈,037400.KQ,KOSDAQ
디와이씨,310870.KQ,KOSDAQ
비피도,238200.KQ,KOSDAQ
한국정보공학,039740.KQ,KOSDAQ
디젠스,113810.KQ,KOSDAQ
바른손이앤에이,035620.KQ,KOSDAQ
이스트아시아홀딩스,900110.KQ,KOSDAQ
BF랩스,139050.KQ,KOSDAQ
대동금속,020400.KQ,KOSDAQ
글로벌에스엠,900070.KQ,KOSDAQ
한국정밀기계,101680.KQ,KOSDAQ
세동,053060.KQ,KOSDAQ
스타플렉스,115570.KQ,KOSDAQ
윈하이텍,192390.KQ,KOSDAQ
태원물산,001420.KS,KOSPI
하이퍼코퍼레이션,065650.KQ,KOSDAQ
애머릿지,900100.KQ,KOSDAQ
스튜디오산타클로스,204630.KQ,KOSDAQ
삼일,032280.KQ,KOSDAQ
롯데지주우,00499K.KS,KOSPI
세중,039310.KQ,KOSDAQ
대상우,001685.KS,KOSPI
본느,226340.KQ,KOSDAQ
이엘피,063760.KQ,KOSDAQ
이스타코,015020.KS,KOSPI
인바이오,352940.KQ,KOSDAQ
대산F&B,065150.KQ,KOSDAQ
핌스,347770.KQ,KOSDAQ
패션플랫폼,225590.KQ,KOSDAQ
피플바이오,304840.KQ,KOSDAQ
우진비앤지,018620.KQ,KOSDAQ
에이치케이,044780.KQ,KOSDAQ
에프알텍,073540.KQ,KOSDAQ
윌비스,008600.KS,KOSPI
스코넥,276040.KQ,KOSDAQ
대교우B,019685.KS,KOSPI
바이오인프라,199730.KQ,KOSDAQ
크린앤사이언스,045520.KQ,KOSDAQ
플루토스,019570.KQ,KOSDAQ
씨엔플러스,115530.KQ,KOSDAQ
베셀,177350.KQ,KOSDAQ
휴맥스홀딩스,028080.KQ,KOSDAQ
SHD,001770.KS,KOSPI
아이스크림에듀,289010.KQ,KOSDAQ
엑사이엔씨,054940.KQ,KOSDAQ
한탑,002680.KQ,KOSDAQ
빌리언스,044480.KQ,KOSDAQ
나노씨엠에스,247660.KQ,KOSDAQ
한국유니온제약,080720.KQ,KOSDAQ
디지아이,043360.KQ,KOSDAQ
비유테크놀러지,230980.KQ,KOSDAQ
웰킵스하이텍,043590.KQ,KOSDAQ
인터엠,017250.KQ,KOSDAQ
벨로크,424760.KQ,KOSDAQ
신라에스지,025870.KQ,KOSDAQ
다산솔루에타,154040.KQ,KOSDAQ
플라즈맵,405000.KQ,KOSDAQ
나노캠텍,091970.KQ,KOSDAQ
전진바이오팜,110020.KQ,KOSDAQ
이노인스트루먼트,215790.KQ,KOSDAQ
브이씨,365900.KQ,KOSDAQ
케이피티유,054410.KQ,KOSDAQ
에스폴리텍,050760.KQ,KOSDAQ
한진칼우,18064K.KS,KOSPI
한국주강,025890.KS,KOSPI
녹십자홀딩스2우,005257.KS,KOSPI
이노진,344860.KQ,KOSDAQ
유비온,084440.KQ,KOSDAQ
에스디시스템,121890.KQ,KOSDAQ
이퓨쳐,134060.KQ,KOSDAQ
아이씨에이치,368600.KQ,KOSDAQ
판타지오,032800.KQ,KOSDAQ
삼진엘앤디,054090.KQ,KOSDAQ
삼영에스앤씨,361670.KQ,KOSDAQ
에스티오,098660.KQ,KOSDAQ
메디앙스,014100.KQ,KOSDAQ
엘디티,096870.KQ,KOSDAQ
에이엔피,015260.KS,KOSPI
토박스코리아,215480.KQ,KOSDAQ
파커스,065690.KQ,KOSDAQ
케이엠제약,225430.KQ,KOSDAQ
세진티에스,067770.KQ,KOSDAQ
지엔코,065060.KQ,KOSDAQ
바이온,032980.KQ,KOSDAQ
앤씨앤,092600.KQ,KOSDAQ
참엔지니어링,009310.KS,KOSPI
일정실업,008500.KS,KOSPI
케스피온,079190.KQ,KOSDAQ
다이나믹디자인,145210.KS,KOSPI
KC그린홀딩스,009440.KS,KOSPI
듀오백,073190.KQ,KOSDAQ
국일신동,060480.KQ,KOSDAQ
엔피케이,048830.KQ,KOSDAQ
원풍물산,008290.KQ,KOSDAQ
오에스피,368970.KQ,KOSDAQ
넥센우,005725.KS,KOSPI
LX하우시스우,108675.KS,KOSPI
미래에셋비전스팩4호,477380.KQ,KOSDAQ
피씨엘,241820.KQ,KOSDAQ
미래에셋비전스팩7호,482680.KQ,KOSDAQ
케이이엠텍,106080.KQ,KOSDAQ
에스에스알,275630.KQ,KOSDAQ
골드앤에스,035290.KQ,KOSDAQ
하이트진로2우B,000087.KS,KOSPI
삼성스팩13호,0115H0.KQ,KOSDAQ
광진실업,026910.KQ,KOSDAQ
스타에스엠리츠,204210.KS,KOSPI
노블엠앤비,106520.KQ,KOSDAQ
비케이홀딩스,050090.KQ,KOSDAQ
CS,065770.KQ,KOSDAQ
대한제당우,001795.KS,KOSPI
KB제33호스팩,0072Z0.KQ,KOSDAQ
대신밸런스제16호스팩,457630.KQ,KOSDAQ
하나36호스팩,0101C0.KQ,KOSDAQ
씨엑스아이,900120.KQ,KOSDAQ
하나30호스팩,469880.KQ,KOSDAQ
에이치엠씨제7호스팩,477340.KQ,KOSDAQ
드래곤플라이,030350.KQ,KOSDAQ
삼성스팩10호,0044K0.KQ,KOSDAQ
유아이디,069330.KQ,KOSDAQ
에스아이리소스,065420.KQ,KOSDAQ
프로브잇,227100.KQ,KOSDAQ
서울전자통신,027040.KQ,KOSDAQ
인베니아,079950.KQ,KOSDAQ
유안타제15호스팩,473050.KQ,KOSDAQ
미래에셋비전스팩6호,478440.KQ,KOSDAQ
한국ANKOR유전,152550.KS,KOSPI
예선테크,250930.KQ,KOSDAQ
한국제15호스팩,479880.KQ,KOSDAQ
한주에이알티,058450.KQ,KOSDAQ
미래에셋비전스팩11호,0099W0.KQ,KOSDAQ
에이리츠,140910.KS,KOSPI
뉴보텍,060260.KQ,KOSDAQ
삼양사우,145995.KS,KOSPI
키움제11호스팩,489480.KQ,KOSDAQ
코이즈,121850.KQ,KOSDAQ
솔루스첨단소재2우B,33637L.KS,KOSPI
셀레스트라,352770.KQ,KOSDAQ
엔에이치스팩31호,481890.KQ,KOSDAQ
캐리,313760.KQ,KOSDAQ
올리패스,244460.KQ,KOSDAQ
세니젠,188260.KQ,KOSDAQ
삼성스팩12호,0096B0.KQ,KOSDAQ
대신밸런스제17호스팩,471050.KQ,KOSDAQ
디비금융제13호스팩,489730.KQ,KOSDAQ
KB제29호스팩,478390.KQ,KOSDAQ
미래에셋비전스팩10호,0097F0.KQ,KOSDAQ
엔에이치스팩32호,0054V0.KQ,KOSDAQ
IBKS제25호스팩,0099X0.KQ,KOSDAQ
KB제32호스팩,0037T0.KQ,KOSDAQ
대상홀딩스우,084695.KS,KOSPI
DB금융스팩12호,477760.KQ,KOSDAQ
미래에셋비전스팩8호,0093G0.KQ,KOSDAQ
교보16호스팩,482520.KQ,KOSDAQ
메디콕스,054180.KQ,KOSDAQ
KB제31호스팩,492220.KQ,KOSDAQ
LX홀딩스1우,38380K.KS,KOSPI
NPC우,004255.KS,KOSPI
신영스팩11호,0091W0.KQ,KOSDAQ
JW중외제약2우B,001067.KS,KOSPI
삼영이엔씨,065570.KQ,KOSDAQ
메리츠제1호스팩,0088D0.KQ,KOSDAQ
대신밸런스제19호스팩,482690.KQ,KOSDAQ
하나35호스팩,0041L0.KQ,KOSDAQ
비엔케이제2호스팩,473370.KQ,KOSDAQ
삼성스팩11호,0071M0.KQ,KOSDAQ
아이톡시,052770.KQ,KOSDAQ
신한제14호스팩,487360.KQ,KOSDAQ
하나31호스팩,469900.KQ,KOSDAQ
신한제12호스팩,474660.KQ,KOSDAQ
미래에셋비전스팩5호,477470.KQ,KOSDAQ
태양금속우,004105.KS,KOSPI
스타코링크,060240.KQ,KOSDAQ
신한제16호스팩,496070.KQ,KOSDAQ
유진스팩12호,0105P0.KQ,KOSDAQ
코오롱글로벌우,003075.KS,KOSPI
해성산업1우,03481K.KQ,KOSDAQ
유안타제16호스팩,474490.KQ,KOSDAQ
대덕1우,00806K.KS,KOSPI
교보17호스팩,489210.KQ,KOSDAQ
유안타제11호스팩,444920.KQ,KOSDAQ
KB제30호스팩,486630.KQ,KOSDAQ
미래에셋비전스팩9호,0096D0.KQ,KOSDAQ
교보19호스팩,0098T0.KQ,KOSDAQ
상상인제4호스팩,452670.KQ,KOSDAQ
디비금융제14호스팩,0004Y0.KQ,KOSDAQ
유유제약1우,000225.KS,KOSPI
한화플러스제4호스팩,455310.KQ,KOSDAQ
에스케이증권제9호스팩,455910.KQ,KOSDAQ
유안타제17호스팩,493790.KQ,KOSDAQ
교보18호스팩,0041B0.KQ,KOSDAQ
KD,044180.KQ,KOSDAQ
키움히어로제1호스팩,466690.KQ,KOSDAQ
코리아써키트2우B,00781K.KS,KOSPI
SK증권우,001515.KS,KOSPI
신영스팩10호,472220.KQ,KOSDAQ
이베스트스팩6호,478110.KQ,KOSDAQ
디에이치엑스컴퍼니,031860.KQ,KOSDAQ
한양증권우,001755.KS,KOSPI
한화플러스제5호스팩,498390.KQ,KOSDAQ
JW중외제약우,001065.KS,KOSPI
유진스팩11호,488060.KQ,KOSDAQ
유안타제14호스팩,450940.KQ,KOSDAQ
IBKS제24호스팩,469480.KQ,KOSDAQ
IBKS제23호스팩,467930.KQ,KOSDAQ
덕성우,004835.KS,KOSPI
하나34호스팩,484130.KQ,KOSDAQ
대원전선우,006345.KS,KOSPI
에이치엠씨제6호스팩,462020.KQ,KOSDAQ
한국제13호스팩,464440.KQ,KOSDAQ
에스케이증권제13호스팩,473950.KQ,KOSDAQ
신한제15호스팩,487830.KQ,KOSDAQ
유진스팩10호,468760.KQ,KOSDAQ
한국제12호스팩,458610.KQ,KOSDAQ
교보14호스팩,456490.KQ,KOSDAQ
교보15호스팩,465320.KQ,KOSDAQ
키움제10호스팩,487720.KQ,KOSDAQ
비엔케이제3호스팩,0068Y0.KQ,KOSDAQ
성신양회우,004985.KS,KOSPI
에스케이증권제11호스팩,472230.KQ,KOSDAQ
엘에스스팩1호,0041J0.KQ,KOSDAQ
하나33호스팩,475250.KQ,KOSDAQ
신한제13호스팩,474930.KQ,KOSDAQ
노루홀딩스우,000325.KS,KOSPI
투비소프트,079970.KQ,KOSDAQ
계양전기우,012205.KS,KOSPI
크라운제과우,26490K.KS,KOSPI
에스케이증권제10호스팩,457940.KQ,KOSDAQ
에스케이증권제12호스팩,473000.KQ,KOSDAQ
하나32호스팩,475240.KQ,KOSDAQ
일양약품우,007575.KS,KOSPI
노루페인트우,090355.KS,KOSPI
하이트진로홀딩스우,000145.KS,KOSPI
아이엠,101390.KQ,KOSDAQ
흥국화재우,000545.KS,KOSPI
티와이홀딩스우,36328K.KS,KOSPI
남선알미우,008355.KS,KOSPI
더테크놀로지,043090.KQ,KOSDAQ
크라운해태홀딩스우,005745.KS,KOSPI
동부건설우,005965.KS,KOSPI
금강공업우,014285.KS,KOSPI
동원시스템즈우,014825.KS,KOSPI
태영건설우,009415.KS,KOSPI
금호건설우,002995.KS,KOSPI
깨끗한나라우,004545.KS,KOSPI
유유제약2우B,000227.KS,KOSPI
CJ씨푸드1우,011155.KS,KOSPI
동양우,001525.KS,KOSPI
진흥기업우B,002785.KS,KOSPI
성문전자우,014915.KS,KOSPI
동양2우B,001527.KS,KOSPI
서울식품우,004415.KS,KOSPI
진흥기업2우B,002787.KS,KOSPI
대호특수강우,021045.KQ,KOSDAQ
소프트센우,032685.KQ,KOSDAQ
